build_y,year,month,day,size,floor,Room,Bathroom,price
1979,2010,1,5,76.79,8,3,1,"   100,500"
1979,2010,1,6,76.79,1,3,1,"    95,000"
1979,2010,1,8,76.79,9,3,1,"    97,000"
1979,2010,1,9,76.79,8,3,1,"   103,000"
1979,2010,1,10,76.79,9,3,1,"    98,000"
1979,2010,1,14,76.79,6,3,1,"    98,000"
1979,2010,1,16,76.79,1,3,1,"    97,000"
1979,2010,1,22,76.79,4,3,1,"    99,700"
1979,2010,1,23,76.79,13,3,1,"   101,800"
1979,2010,2,8,76.79,5,3,1,"    99,900"
1979,2010,2,10,76.79,4,3,1,"   103,000"
1979,2010,2,12,76.79,1,3,1,"    98,000"
1979,2010,2,19,76.79,14,3,1,"    98,000"
1979,2010,2,23,76.79,13,3,1,"    98,500"
1979,2010,3,4,76.79,1,3,1,"    96,000"
1979,2010,3,4,76.79,6,3,1,"    98,500"
1979,2010,3,11,76.79,7,3,1,"   100,850"
1979,2010,3,15,76.79,4,3,1,"   101,900"
1979,2010,4,23,76.79,12,3,1,"    92,000"
1979,2010,5,13,76.79,10,3,1,"    89,000"
1979,2010,5,20,76.79,2,3,1,"    86,700"
1979,2010,5,20,76.79,5,3,1,"    87,000"
1979,2010,5,28,76.79,7,3,1,"    87,900"
1979,2010,6,12,76.79,4,3,1,"    86,000"
1979,2010,6,21,76.79,10,3,1,"    87,500"
1979,2010,6,28,76.79,2,3,1,"    87,500"
1979,2010,7,2,76.79,6,3,1,"    88,000"
1979,2010,7,12,76.79,2,3,1,"    83,500"
1979,2010,7,13,76.79,5,3,1,"    87,000"
1979,2010,7,28,76.79,6,3,1,"    85,000"
1979,2010,7,30,76.79,7,3,1,"    88,000"
1979,2010,8,2,76.79,7,3,1,"    89,000"
1979,2010,8,10,76.79,2,3,1,"    84,400"
1979,2010,8,10,76.79,14,3,1,"    84,000"
1979,2010,8,11,76.79,7,3,1,"    89,000"
1979,2010,8,11,76.79,8,3,1,"    86,000"
1979,2010,8,13,76.79,14,3,1,"    86,800"
1979,2010,8,20,76.79,14,3,1,"    85,000"
1979,2010,8,22,76.79,3,3,1,"    87,900"
1979,2010,8,24,76.79,8,3,1,"    90,000"
1979,2010,8,27,76.79,9,3,1,"    88,000"
1979,2010,9,3,76.79,7,3,1,"    90,700"
1979,2010,9,8,76.79,11,3,1,"    88,000"
1979,2010,9,14,76.79,14,3,1,"    88,000"
1979,2010,9,18,76.79,12,3,1,"    88,250"
1979,2010,10,2,76.79,10,3,1,"    89,000"
1979,2010,10,7,76.79,6,3,1,"    88,000"
1979,2010,10,11,76.79,8,3,1,"    90,000"
1979,2010,10,12,76.79,13,3,1,"    88,000"
1979,2010,10,14,76.79,1,3,1,"    86,000"
1979,2010,10,25,76.79,8,3,1,"    89,800"
1979,2010,10,27,76.79,7,3,1,"    91,500"
1979,2010,10,27,76.79,10,3,1,"    90,000"
1979,2010,10,27,76.79,8,3,1,"    89,700"
1979,2010,10,29,76.79,8,3,1,"    90,900"
1979,2010,10,31,76.79,14,3,1,"    88,500"
1979,2010,11,1,76.79,6,3,1,"    89,700"
1979,2010,11,4,76.79,13,3,1,"    88,500"
1979,2010,11,5,76.79,6,3,1,"    92,000"
1979,2010,11,5,76.79,1,3,1,"    87,500"
1979,2010,11,9,76.79,2,3,1,"    88,000"
1979,2010,11,10,76.79,4,3,1,"    93,000"
1979,2010,11,18,76.79,9,3,1,"    92,700"
1979,2010,11,20,76.79,11,3,1,"    93,250"
1979,2010,11,20,76.79,7,3,1,"    96,000"
1979,2010,11,25,76.79,1,3,1,"    89,300"
1979,2010,11,26,76.79,11,3,1,"    95,000"
1979,2010,12,1,76.79,12,3,1,"    94,000"
1979,2010,12,8,76.79,4,3,1,"    95,000"
1979,2010,12,8,76.79,8,3,1,"    95,000"
1979,2010,12,9,76.79,3,3,1,"    93,400"
1979,2010,12,10,76.79,6,3,1,"    95,000"
1979,2010,12,15,76.79,2,3,1,"    92,000"
1979,2010,12,16,76.79,8,3,1,"    94,000"
1979,2010,12,17,76.79,2,3,1,"    92,900"
1979,2010,12,19,76.79,13,3,1,"    95,000"
1979,2010,12,20,76.79,9,3,1,"    93,000"
1979,2010,12,21,76.79,13,3,1,"    94,500"
1979,2010,12,22,76.79,10,3,1,"    94,500"
1979,2010,12,29,76.79,13,3,1,"    94,300"
1979,2011,1,4,76.79,5,3,1,"    94,500"
1979,2011,1,7,76.79,10,3,1,"    94,000"
1979,2011,1,8,76.79,12,3,1,"    95,000"
1979,2011,1,10,76.79,2,3,1,"    92,900"
1979,2011,1,13,76.79,4,3,1,"    92,800"
1979,2011,1,15,76.79,2,3,1,"    91,400"
1979,2011,1,15,76.79,14,3,1,"    94,500"
1979,2011,1,18,76.79,12,3,1,"    97,000"
1979,2011,1,18,76.79,12,3,1,"    95,000"
1979,2011,1,19,76.79,12,3,1,"    96,500"
1979,2011,1,20,76.79,9,3,1,"    95,500"
1979,2011,1,21,76.79,3,3,1,"    94,000"
1979,2011,1,22,76.79,7,3,1,"    98,000"
1979,2011,1,24,76.79,8,3,1,"    98,000"
1979,2011,1,24,76.79,8,3,1,"    97,800"
1979,2011,1,25,76.79,4,3,1,"    95,500"
1979,2011,1,25,76.79,4,3,1,"    95,000"
1979,2011,2,7,76.79,9,3,1,"    98,500"
1979,2011,2,11,76.79,14,3,1,"    92,500"
1979,2011,2,17,76.79,3,3,1,"    98,000"
1979,2011,2,18,76.79,6,3,1,"    98,000"
1979,2011,2,24,76.79,6,3,1,"    96,400"
1979,2011,2,27,76.79,9,3,1,"    98,200"
1979,2011,3,4,76.79,6,3,1,"    98,000"
1979,2011,3,6,76.79,3,3,1,"    92,800"
1979,2011,3,11,76.79,1,3,1,"    89,000"
1979,2011,3,22,76.79,1,3,1,"    88,300"
1979,2011,3,24,76.79,10,3,1,"    91,000"
1979,2011,3,24,76.79,5,3,1,"    94,000"
1979,2011,3,30,76.79,14,3,1,"    90,000"
1979,2011,4,5,76.79,2,3,1,"    89,000"
1979,2011,4,7,76.79,14,3,1,"    89,999"
1979,2011,4,20,76.79,14,3,1,"    89,800"
1979,2011,4,20,76.79,11,3,1,"    92,100"
1979,2011,4,26,76.79,11,3,1,"    96,500"
1979,2011,4,30,76.79,12,3,1,"    92,500"
1979,2011,5,4,76.79,4,3,1,"    89,900"
1979,2011,5,11,76.79,3,3,1,"    89,900"
1980,2011,5,13,76.79,6,3,1,"    90,000"
1979,2011,5,17,76.79,6,3,1,"    92,600"
1979,2011,5,30,76.79,13,3,1,"    89,900"
1979,2011,5,30,76.79,9,3,1,"    89,900"
1979,2011,6,11,76.79,9,3,1,"    89,900"
1979,2011,6,15,76.79,10,3,1,"    88,250"
1979,2011,6,16,76.79,12,3,1,"    90,000"
1979,2011,6,17,76.79,8,3,1,"    89,900"
1979,2011,6,27,76.79,9,3,1,"    87,500"
1979,2011,6,27,76.79,7,3,1,"    92,500"
1979,2011,6,28,76.79,6,3,1,"    90,000"
1979,2011,6,29,76.79,10,3,1,"    90,000"
1979,2011,7,8,76.79,8,3,1,"    90,000"
1979,2011,7,8,76.79,10,3,1,"    92,000"
1979,2011,7,17,76.79,5,3,1,"    89,500"
1979,2011,7,18,76.79,9,3,1,"    89,000"
1979,2011,7,20,76.79,7,3,1,"    89,800"
1979,2011,7,20,76.79,4,3,1,"    89,700"
1979,2011,7,21,76.79,12,3,1,"    90,000"
1979,2011,7,21,76.79,6,3,1,"    89,250"
1979,2011,7,22,76.79,7,3,1,"    90,000"
1979,2011,7,25,76.79,5,3,1,"    95,000"
1979,2011,7,25,76.79,1,3,1,"    85,500"
1979,2011,7,29,76.79,8,3,1,"    93,500"
1979,2011,8,1,76.79,4,3,1,"    92,500"
1979,2011,8,2,76.79,6,3,1,"    96,000"
1979,2011,8,3,76.79,1,3,1,"    90,000"
1979,2011,8,4,76.79,1,3,1,"    89,600"
1979,2011,8,5,76.79,1,3,1,"    90,000"
1979,2011,8,5,76.79,14,3,1,"    90,000"
1979,2011,8,9,76.79,6,3,1,"    93,000"
1979,2011,8,13,76.79,7,3,1,"    94,500"
1979,2011,8,16,76.79,11,3,1,"    95,000"
1979,2011,8,27,76.79,14,3,1,"    90,000"
1979,2011,8,31,76.79,7,3,1,"    94,800"
1979,2011,9,3,76.79,14,3,1,"    90,000"
1979,2011,10,7,76.79,13,3,1,"    88,000"
1979,2011,10,16,76.79,9,3,1,"    89,500"
1979,2011,10,27,76.79,6,3,1,"    90,000"
1979,2011,10,27,76.79,3,3,1,"    87,000"
1979,2011,10,29,76.79,11,3,1,"    87,900"
1979,2011,11,2,76.79,3,3,1,"    89,000"
1979,2011,11,10,76.79,8,3,1,"    87,000"
1979,2011,11,11,76.79,10,3,1,"    88,700"
1979,2011,11,12,76.79,6,3,1,"    87,000"
1979,2011,11,22,76.79,3,3,1,"    88,000"
1979,2011,11,30,76.79,14,3,1,"    89,500"
1979,2011,12,7,76.79,14,3,1,"    87,000"
1979,2011,12,8,76.79,9,3,1,"    87,000"
1979,2011,12,11,76.79,5,3,1,"    88,000"
1979,2011,12,23,76.79,12,3,1,"    82,000"
1979,2012,1,31,76.79,9,3,1,"    82,600"
1979,2012,2,6,76.79,9,3,1,"    83,000"
1979,2012,2,8,76.79,13,3,1,"    82,000"
1979,2012,2,17,76.79,9,3,1,"    80,000"
1979,2012,2,18,76.79,8,3,1,"    82,000"
1979,2012,2,22,76.79,13,3,1,"    80,000"
1979,2012,2,23,76.79,3,3,1,"    79,800"
1979,2012,2,23,76.79,4,3,1,"    79,000"
1979,2012,2,25,76.79,11,3,1,"    82,800"
1979,2012,2,28,76.79,7,3,1,"    82,000"
1979,2012,2,28,76.79,11,3,1,"    82,000"
1979,2012,2,29,76.79,6,3,1,"    82,000"
1979,2012,3,5,76.79,10,3,1,"    83,300"
1979,2012,3,7,76.79,1,3,1,"    78,500"
1979,2012,3,7,76.79,1,3,1,"    77,300"
1979,2012,3,12,76.79,9,3,1,"    80,000"
1979,2012,3,13,76.79,4,3,1,"    82,000"
1979,2012,3,16,76.79,12,3,1,"    80,000"
1979,2012,3,17,76.79,3,3,1,"    80,000"
1979,2012,3,17,76.79,4,3,1,"    80,000"
1979,2012,3,17,76.79,2,3,1,"    79,500"
1979,2012,3,19,76.79,14,3,1,"    79,300"
1979,2012,3,19,76.79,9,3,1,"    82,000"
1979,2012,3,22,76.79,14,3,1,"    81,000"
1979,2012,3,27,76.79,8,3,1,"    83,500"
1979,2012,3,27,76.79,4,3,1,"    80,000"
1979,2012,4,3,76.79,11,3,1,"    80,600"
1979,2012,4,4,76.79,12,3,1,"    81,000"
1979,2012,4,6,76.79,7,3,1,"    83,000"
1979,2012,4,7,76.79,11,3,1,"    80,500"
1979,2012,4,7,76.79,8,3,1,"    80,750"
1979,2012,4,9,76.79,11,3,1,"    80,500"
1979,2012,4,14,76.79,14,3,1,"    79,300"
1979,2012,4,18,76.79,3,3,1,"    79,000"
1979,2012,4,26,76.79,13,3,1,"    80,000"
1979,2012,5,1,76.79,6,3,1,"    83,000"
1979,2012,5,2,76.79,3,3,1,"    80,000"
1980,2012,5,2,76.79,6,3,1,"    82,000"
1979,2012,5,3,76.79,5,3,1,"    81,000"
1980,2012,5,15,76.79,2,3,1,"    78,500"
1980,2012,5,16,76.79,7,3,1,"    82,000"
1979,2012,5,18,76.79,1,3,1,"    78,000"
1979,2012,6,11,76.79,12,3,1,"    85,000"
1979,2012,6,16,76.79,6,3,1,"    82,700"
1980,2012,7,8,76.79,9,3,1,"    80,000"
1979,2012,7,23,76.79,2,3,1,"    75,700"
1980,2012,8,2,76.79,7,3,1,"    75,200"
1979,2012,8,7,76.79,10,3,1,"    79,000"
1979,2012,8,8,76.79,7,3,1,"    77,500"
1979,2012,8,13,76.79,7,3,1,"    78,000"
1979,2012,8,17,76.79,12,3,1,"    78,000"
1980,2012,8,18,76.79,9,3,1,"    76,000"
1980,2012,8,23,76.79,1,3,1,"    70,000"
1979,2012,8,29,76.79,3,3,1,"    79,500"
1979,2012,8,30,76.79,10,3,1,"    78,000"
1979,2012,8,31,76.79,5,3,1,"    78,500"
1979,2012,9,7,76.79,2,3,1,"    77,800"
1979,2012,9,14,76.79,4,3,1,"    77,000"
1979,2012,9,16,76.79,5,3,1,"    75,500"
1980,2012,9,20,76.79,3,3,1,"    74,000"
1980,2012,9,21,76.79,14,3,1,"    74,500"
1979,2012,9,27,76.79,1,3,1,"    72,500"
1979,2012,10,5,76.79,12,3,1,"    78,000"
1980,2012,10,11,76.79,2,3,1,"    75,000"
1979,2012,10,16,76.79,14,3,1,"    78,000"
1979,2012,11,2,76.79,10,3,1,"    77,000"
1980,2012,11,10,76.79,4,3,1,"    75,000"
1979,2012,11,11,76.79,8,3,1,"    75,500"
1979,2012,11,14,76.79,10,3,1,"    75,000"
1980,2012,11,16,76.79,13,3,1,"    73,800"
1979,2012,11,16,76.79,4,3,1,"    71,500"
1980,2012,11,17,76.79,12,3,1,"    74,000"
1980,2012,11,20,76.79,6,3,1,"    76,500"
1979,2012,11,20,76.79,6,3,1,"    73,000"
1979,2012,11,24,76.79,9,3,1,"    74,000"
1979,2012,12,6,76.79,9,3,1,"    74,000"
1979,2012,12,27,76.79,10,3,1,"    71,000"
1979,2013,1,5,76.79,14,3,1,"    71,500"
1979,2013,1,7,76.79,4,3,1,"    69,500"
1979,2013,1,9,76.79,5,3,1,"    73,000"
1979,2013,1,18,76.79,3,3,1,"    72,500"
1979,2013,1,19,76.79,14,3,1,"    69,400"
1980,2013,1,19,76.79,11,3,1,"    71,500"
1979,2013,1,22,76.79,2,3,1,"    69,000"
1979,2013,1,23,76.79,10,3,1,"    75,000"
1979,2013,1,25,76.79,2,3,1,"    71,450"
1979,2013,1,25,76.79,8,3,1,"    74,500"
1979,2013,1,27,76.79,4,3,1,"    75,000"
1979,2013,1,28,76.79,14,3,1,"    72,500"
1980,2013,1,30,76.79,10,3,1,"    70,500"
1980,2013,1,30,76.79,2,3,1,"    72,000"
1979,2013,1,31,76.79,13,3,1,"    75,000"
1980,2013,2,5,76.79,6,3,1,"    76,000"
1980,2013,2,5,76.79,13,3,1,"    73,500"
1979,2013,2,7,76.79,4,3,1,"    75,000"
1979,2013,2,12,76.79,12,3,1,"    77,000"
1980,2013,2,14,76.79,14,3,1,"    74,800"
1979,2013,2,21,76.79,1,3,1,"    72,500"
1980,2013,2,21,76.79,6,3,1,"    74,500"
1979,2013,2,21,76.79,3,3,1,"    74,200"
1979,2013,2,22,76.79,9,3,1,"    76,500"
1979,2013,2,23,76.79,3,3,1,"    73,500"
1979,2013,2,23,76.79,12,3,1,"    78,000"
1979,2013,2,25,76.79,9,3,1,"    78,000"
1979,2013,2,25,76.79,9,3,1,"    77,000"
1980,2013,2,26,76.79,2,3,1,"    74,000"
1980,2013,2,27,76.79,4,3,1,"    74,700"
1979,2013,2,27,76.79,9,3,1,"    77,000"
1979,2013,2,28,76.79,6,3,1,"    78,500"
1980,2013,3,2,76.79,5,3,1,"    75,400"
1980,2013,3,6,76.79,1,3,1,"    73,800"
1979,2013,3,8,76.79,5,3,1,"    78,500"
1979,2013,3,9,76.79,7,3,1,"    78,500"
1980,2013,3,11,76.79,6,3,1,"    75,900"
1979,2013,3,12,76.79,11,3,1,"    77,500"
1979,2013,3,16,76.79,7,3,1,"    77,000"
1979,2013,3,16,76.79,14,3,1,"    76,000"
1979,2013,3,24,76.79,1,3,1,"    73,500"
1979,2013,3,27,76.79,4,3,1,"    78,000"
1980,2013,3,27,76.79,5,3,1,"    75,000"
1979,2013,3,30,76.79,14,3,1,"    76,000"
1979,2013,4,1,76.79,13,3,1,"    78,000"
1979,2013,4,2,76.79,8,3,1,"    78,500"
1979,2013,4,3,76.79,11,3,1,"    78,500"
1979,2013,4,3,76.79,10,3,1,"    77,000"
1979,2013,4,5,76.79,13,3,1,"    80,000"
1979,2013,4,5,76.79,4,3,1,"    78,000"
1980,2013,4,10,76.79,8,3,1,"    78,500"
1980,2013,4,11,76.79,5,3,1,"    79,000"
1979,2013,4,12,76.79,10,3,1,"    79,000"
1979,2013,4,15,76.79,14,3,1,"    76,000"
1979,2013,4,16,76.79,4,3,1,"    78,900"
1979,2013,4,18,76.79,13,3,1,"    79,000"
1979,2013,4,18,76.79,13,3,1,"    80,500"
1979,2013,4,23,76.79,1,3,1,"    77,500"
1980,2013,4,23,76.79,3,3,1,"    80,000"
1979,2013,4,27,76.79,11,3,1,"    81,800"
1979,2013,4,27,76.79,10,3,1,"    80,500"
1980,2013,4,30,76.79,10,3,1,"    83,000"
1979,2013,5,1,76.79,13,3,1,"    81,400"
1979,2013,5,3,76.79,13,3,1,"    80,000"
1979,2013,5,3,76.79,9,3,1,"    81,000"
1980,2013,5,3,76.79,4,3,1,"    80,500"
1979,2013,5,4,76.79,5,3,1,"    83,500"
1980,2013,5,8,76.79,11,3,1,"    81,000"
1979,2013,5,10,76.79,3,3,1,"    81,000"
1979,2013,5,11,76.79,7,3,1,"    83,000"
1980,2013,5,11,76.79,12,3,1,"    80,000"
1979,2013,5,24,76.79,13,3,1,"    80,700"
1980,2013,5,30,76.79,14,3,1,"    77,000"
1979,2013,6,7,76.79,12,3,1,"    78,600"
1979,2013,6,8,76.79,10,3,1,"    80,000"
1979,2013,6,8,76.79,14,3,1,"    77,500"
1980,2013,6,13,76.79,6,3,1,"    77,000"
1980,2013,6,14,76.79,10,3,1,"    77,000"
1979,2013,6,28,76.79,3,3,1,"    75,500"
1979,2013,7,3,76.79,7,3,1,"    77,400"
1979,2013,7,15,76.79,10,3,1,"    74,500"
1980,2013,7,26,76.79,7,3,1,"    73,000"
1980,2013,7,26,76.79,11,3,1,"    73,900"
1979,2013,8,1,76.79,2,3,1,"    73,750"
1980,2013,8,5,76.79,1,3,1,"    68,000"
1980,2013,8,9,76.79,8,3,1,"    76,000"
1979,2013,8,12,76.79,12,3,1,"    73,300"
1979,2013,8,14,76.79,8,3,1,"    75,300"
1979,2013,8,16,76.79,8,3,1,"    74,000"
1979,2013,8,17,76.79,7,3,1,"    75,500"
1980,2013,8,21,76.79,14,3,1,"    75,000"
1980,2013,8,24,76.79,11,3,1,"    79,000"
1980,2013,8,27,76.79,6,3,1,"    76,000"
1979,2013,8,27,76.79,5,3,1,"    79,000"
1979,2013,8,28,76.79,7,3,1,"    74,000"
1979,2013,8,28,76.79,9,3,1,"    80,000"
1979,2013,9,2,76.79,1,3,1,"    71,000"
1980,2013,9,10,76.79,3,3,1,"    75,000"
1979,2013,9,12,76.79,14,3,1,"    76,000"
1979,2013,9,24,76.79,2,3,1,"    74,800"
1979,2013,9,26,76.79,5,3,1,"    79,250"
1980,2013,9,30,76.79,2,3,1,"    74,800"
1979,2013,10,2,76.79,7,3,1,"    80,000"
1979,2013,10,2,76.79,2,3,1,"    75,500"
1979,2013,10,16,76.79,10,3,1,"    79,000"
1980,2013,10,22,76.79,9,3,1,"    77,000"
1979,2013,10,28,76.79,7,3,1,"    80,500"
1979,2013,11,4,76.79,5,3,1,"    78,700"
1979,2013,11,5,76.79,5,3,1,"    79,000"
1980,2013,11,5,76.79,4,3,1,"    74,500"
1979,2013,11,12,76.79,3,3,1,"    78,000"
1979,2013,11,12,76.79,1,3,1,"    75,000"
1979,2013,11,14,76.79,5,3,1,"    79,000"
1979,2013,11,23,76.79,3,3,1,"    78,000"
1979,2013,11,24,76.79,9,3,1,"    78,700"
1980,2013,11,26,76.79,11,3,1,"    80,000"
1979,2013,11,27,76.79,9,3,1,"    76,500"
1979,2013,11,29,76.79,7,3,1,"    81,000"
1980,2013,11,30,76.79,1,3,1,"    75,800"
1979,2013,12,4,76.79,11,3,1,"    82,000"
1979,2013,12,5,76.79,8,3,1,"    80,000"
1979,2013,12,6,76.79,3,3,1,"    79,000"
1979,2013,12,11,76.79,9,3,1,"    80,500"
1979,2013,12,13,76.79,13,3,1,"    80,500"
1979,2013,12,14,76.79,7,3,1,"    80,900"
1979,2013,12,17,76.79,12,3,1,"    79,500"
1979,2013,12,20,76.79,6,3,1,"    80,400"
1979,2013,12,22,76.79,9,3,1,"    76,500"
1979,2013,12,23,76.79,6,3,1,"    80,300"
1980,2013,12,24,76.79,3,3,1,"    79,250"
1979,2013,12,25,76.79,5,3,1,"    78,500"
1979,2013,12,26,76.79,13,3,1,"    79,000"
1980,2013,12,27,76.79,7,3,1,"    77,500"
1979,2013,12,27,76.79,4,3,1,"    80,300"
1979,2013,12,28,76.79,3,3,1,"    78,500"
1979,2013,12,28,76.79,5,3,1,"    81,800"
1979,2013,12,29,76.79,9,3,1,"    81,000"
1979,2013,12,29,76.79,4,3,1,"    78,500"
1979,2013,12,30,76.79,5,3,1,"    80,500"
1979,2013,12,31,76.79,12,3,1,"    79,000"
1979,2013,12,31,76.79,2,3,1,"    79,000"
1980,2014,1,8,76.79,8,3,1,"    77,500"
1980,2014,1,9,76.79,1,3,1,"    74,800"
1979,2014,1,10,76.79,6,3,1,"    80,000"
1980,2014,1,10,76.79,2,3,1,"    77,300"
1979,2014,1,11,76.79,14,3,1,"    79,500"
1980,2014,1,12,76.79,8,3,1,"    82,000"
1979,2014,1,13,76.79,11,3,1,"    83,000"
1979,2014,1,13,76.79,5,3,1,"    80,000"
1979,2014,1,14,76.79,7,3,1,"    81,000"
1980,2014,1,17,76.79,5,3,1,"    75,500"
1979,2014,1,20,76.79,4,3,1,"    81,000"
1980,2014,1,20,76.79,3,3,1,"    79,000"
1979,2014,1,21,76.79,13,3,1,"    80,000"
1979,2014,1,22,76.79,4,3,1,"    82,000"
1979,2014,1,22,76.79,2,3,1,"    80,500"
1979,2014,1,22,76.79,4,3,1,"    79,000"
1979,2014,1,23,76.79,12,3,1,"    81,500"
1979,2014,1,24,76.79,3,3,1,"    80,000"
1979,2014,1,26,76.79,12,3,1,"    85,000"
1979,2014,2,4,76.79,3,3,1,"    83,000"
1979,2014,2,5,76.79,10,3,1,"    83,000"
1979,2014,2,7,76.79,6,3,1,"    82,500"
1979,2014,2,8,76.79,4,3,1,"    85,000"
1979,2014,2,10,76.79,14,3,1,"    81,500"
1980,2014,2,11,76.79,2,3,1,"    85,500"
1980,2014,2,11,76.79,5,3,1,"    84,800"
1979,2014,2,13,76.79,10,3,1,"    86,500"
1980,2014,2,14,76.79,11,3,1,"    85,000"
1980,2014,2,15,76.79,13,3,1,"    85,000"
1980,2014,2,19,76.79,12,3,1,"    72,000"
1979,2014,2,20,76.79,13,3,1,"    86,000"
1980,2014,2,22,76.79,8,3,1,"    88,000"
1980,2014,2,25,76.79,13,3,1,"    88,000"
1980,2014,3,1,76.79,1,3,1,"    87,000"
1979,2014,3,6,76.79,9,3,1,"    90,000"
1979,2014,3,7,76.79,14,3,1,"    87,500"
1980,2014,3,7,76.79,3,3,1,"    87,000"
1979,2014,4,14,76.79,7,3,1,"    85,000"
1979,2014,4,16,76.79,12,3,1,"    87,000"
1979,2014,4,30,76.79,7,3,1,"    84,500"
1979,2014,5,2,76.79,4,3,1,"    83,000"
1979,2014,5,9,76.79,13,3,1,"    82,000"
1979,2014,5,19,76.79,8,3,1,"    85,000"
1979,2014,5,26,76.79,2,3,1,"    81,000"
1979,2014,5,26,76.79,11,3,1,"    86,000"
1979,2014,5,26,76.79,9,3,1,"    87,000"
1979,2014,6,14,76.79,1,3,1,"    81,000"
1979,2014,6,15,76.79,14,3,1,"    83,000"
1979,2014,6,18,76.79,8,3,1,"    86,400"
1979,2014,6,27,76.79,12,3,1,"    86,500"
1979,2014,7,2,76.79,9,3,1,"    87,250"
1979,2014,7,16,76.79,11,3,1,"    85,500"
1979,2014,7,21,76.79,10,3,1,"    84,500"
1979,2014,7,25,76.79,10,3,1,"    85,000"
1980,2014,7,26,76.79,5,3,1,"    85,500"
1979,2014,7,27,76.79,10,3,1,"    88,000"
1979,2014,7,28,76.79,9,3,1,"    89,200"
1979,2014,7,28,76.79,1,3,1,"    84,000"
1979,2014,8,5,76.79,13,3,1,"    86,300"
1979,2014,8,8,76.79,7,3,1,"    90,000"
1979,2014,8,11,76.79,7,3,1,"    87,500"
1979,2014,8,16,76.79,11,3,1,"    88,500"
1979,2014,8,21,76.79,7,3,1,"    90,000"
1980,2014,8,21,76.79,12,3,1,"    88,800"
1979,2014,8,26,76.79,11,3,1,"    91,000"
1979,2014,8,28,76.79,6,3,1,"    88,000"
1979,2014,8,28,76.79,13,3,1,"    88,000"
1980,2014,9,1,76.79,1,3,1,"    86,400"
1979,2014,9,2,76.79,11,3,1,"    90,000"
1979,2014,9,2,76.79,9,3,1,"    89,500"
1979,2014,9,4,76.79,7,3,1,"    90,000"
1980,2014,9,4,76.79,13,3,1,"    90,000"
1979,2014,9,5,76.79,4,3,1,"    89,990"
1979,2014,9,10,76.79,5,3,1,"    90,000"
1980,2014,9,12,76.79,2,3,1,"    89,500"
1979,2014,9,17,76.79,14,3,1,"    90,000"
1979,2014,9,20,76.79,9,3,1,"    91,500"
1979,2014,9,23,76.79,4,3,1,"    90,000"
1979,2014,9,23,76.79,3,3,1,"    87,800"
1979,2014,9,27,76.79,7,3,1,"    90,000"
1979,2014,9,29,76.79,7,3,1,"    90,000"
1979,2014,10,25,76.79,6,3,1,"    86,700"
1979,2014,11,7,76.79,3,3,1,"    89,500"
1979,2014,11,24,76.79,8,3,1,"    88,000"
1979,2014,11,24,76.79,5,3,1,"    85,000"
1980,2014,12,6,76.79,12,3,1,"    89,800"
1980,2014,12,11,76.79,9,3,1,"    89,000"
1979,2014,12,15,76.79,3,3,1,"    86,000"
1979,2014,12,17,76.79,14,3,1,"    82,000"
1980,2014,12,19,76.79,1,3,1,"    85,500"
1980,2014,12,20,76.79,4,3,1,"    84,800"
1979,2014,12,22,76.79,9,3,1,"    86,500"
1979,2014,12,25,76.79,1,3,1,"    83,500"
1979,2014,12,27,76.79,11,3,1,"    87,000"
1979,2014,12,30,76.79,3,3,1,"    86,000"
1979,2014,12,31,76.79,2,3,1,"    85,400"
1979,2015,1,5,76.79,6,3,1,"    87,000"
1979,2015,1,6,76.79,13,3,1,"    87,000"
1979,2015,1,13,76.79,12,3,1,"    88,200"
1980,2015,1,15,76.79,7,3,1,"    85,000"
1979,2015,1,21,76.79,14,3,1,"    89,900"
1980,2015,1,22,76.79,9,3,1,"    88,000"
1979,2015,2,1,76.79,6,3,1,"    89,000"
1980,2015,2,2,76.79,6,3,1,"    88,900"
1979,2015,2,2,76.79,7,3,1,"    90,000"
1980,2015,2,3,76.79,8,3,1,"    88,000"
1979,2015,2,3,76.79,5,3,1,"    89,500"
1979,2015,2,4,76.79,8,3,1,"    88,000"
1979,2015,2,5,76.79,9,3,1,"    88,500"
1979,2015,2,7,76.79,6,3,1,"    89,500"
1979,2015,2,10,76.79,7,3,1,"    88,000"
1979,2015,2,11,76.79,2,3,1,"    87,950"
1979,2015,2,12,76.79,4,3,1,"    87,000"
1980,2015,2,12,76.79,4,3,1,"    88,500"
1980,2015,2,16,76.79,9,3,1,"    89,000"
1979,2015,2,26,76.79,4,3,1,"    88,500"
1979,2015,2,27,76.79,14,3,1,"    88,000"
1979,2015,2,28,76.79,12,3,1,"    90,000"
1980,2015,2,28,76.79,6,3,1,"    88,000"
1979,2015,3,2,76.79,6,3,1,"    90,000"
1979,2015,3,2,76.79,12,3,1,"    90,000"
1980,2015,3,6,76.79,6,3,1,"    86,500"
1979,2015,3,9,76.79,12,3,1,"    89,000"
1980,2015,3,11,76.79,6,3,1,"    88,000"
1979,2015,3,12,76.79,8,3,1,"    90,000"
1980,2015,3,13,76.79,5,3,1,"    89,000"
1979,2015,3,16,76.79,1,3,1,"    85,000"
1980,2015,3,16,76.79,8,3,1,"    88,000"
1980,2015,3,17,76.79,7,3,1,"    89,990"
1979,2015,3,22,76.79,9,3,1,"    90,000"
1980,2015,3,23,76.79,2,3,1,"    85,000"
1980,2015,3,24,76.79,3,3,1,"    87,500"
1979,2015,3,25,76.79,9,3,1,"    89,000"
1980,2015,3,26,76.79,11,3,1,"    90,000"
1979,2015,3,26,76.79,5,3,1,"    89,800"
1979,2015,3,26,76.79,4,3,1,"    88,500"
1979,2015,3,26,76.79,9,3,1,"    89,500"
1979,2015,3,27,76.79,14,3,1,"    89,700"
1980,2015,3,29,76.79,14,3,1,"    87,000"
1979,2015,3,30,76.79,13,3,1,"    89,000"
1979,2015,4,1,76.79,14,3,1,"    88,000"
1980,2015,4,6,76.79,11,3,1,"    90,000"
1979,2015,4,9,76.79,10,3,1,"    90,000"
1979,2015,4,12,76.79,2,3,1,"    88,400"
1980,2015,4,14,76.79,1,3,1,"    85,500"
1979,2015,4,14,76.79,9,3,1,"    90,000"
1980,2015,4,15,76.79,3,3,1,"    90,000"
1979,2015,4,17,76.79,8,3,1,"    90,000"
1980,2015,4,17,76.79,13,3,1,"    88,000"
1980,2015,4,17,76.79,11,3,1,"    91,000"
1979,2015,4,17,76.79,9,3,1,"    91,500"
1979,2015,4,18,76.79,2,3,1,"    88,000"
1979,2015,4,21,76.79,13,3,1,"    91,200"
1980,2015,4,22,76.79,7,3,1,"    90,000"
1980,2015,4,24,76.79,1,3,1,"    85,500"
1979,2015,4,24,76.79,11,3,1,"    90,000"
1980,2015,4,25,76.79,12,3,1,"    91,000"
1979,2015,4,27,76.79,1,3,1,"    86,000"
1980,2015,4,27,76.79,10,3,1,"    90,000"
1980,2015,5,2,76.79,6,3,1,"    92,000"
1979,2015,5,5,76.79,1,3,1,"    86,500"
1979,2015,5,8,76.79,6,3,1,"    92,500"
1979,2015,5,10,76.79,1,3,1,"    86,900"
1979,2015,5,12,76.79,9,3,1,"    92,000"
1979,2015,5,13,76.79,13,3,1,"    93,000"
1979,2015,5,13,76.79,6,3,1,"    93,000"
1980,2015,5,14,76.79,13,3,1,"    90,000"
1979,2015,5,15,76.79,1,3,1,"    87,000"
1979,2015,5,16,76.79,2,3,1,"    88,500"
1979,2015,5,16,76.79,4,3,1,"    92,800"
1980,2015,5,18,76.79,8,3,1,"    90,000"
1979,2015,5,25,76.79,2,3,1,"    89,500"
1980,2015,5,27,76.79,2,3,1,"    89,500"
1979,2015,5,27,76.79,6,3,1,"    92,600"
1979,2015,5,28,76.79,4,3,1,"    91,500"
1980,2015,5,30,76.79,8,3,1,"    90,000"
1980,2015,5,30,76.79,14,3,1,"    90,000"
1980,2015,6,1,76.79,13,3,1,"    92,300"
1980,2015,6,1,76.79,5,3,1,"    90,000"
1980,2015,6,2,76.79,4,3,1,"    89,500"
1979,2015,6,2,76.79,13,3,1,"    93,400"
1979,2015,6,2,76.79,1,3,1,"    88,500"
1980,2015,6,2,76.79,2,3,1,"    88,000"
1980,2015,6,3,76.79,14,3,1,"    89,800"
1980,2015,6,4,76.79,9,3,1,"    92,300"
1979,2015,6,5,76.79,5,3,1,"    93,900"
1979,2015,6,6,76.79,10,3,1,"    93,000"
1980,2015,6,8,76.79,1,3,1,"    90,000"
1979,2015,6,8,76.79,3,3,1,"    90,000"
1979,2015,6,8,76.79,4,3,1,"    92,500"
1979,2015,6,8,76.79,3,3,1,"    90,000"
1980,2015,6,9,76.79,1,3,1,"    89,700"
1979,2015,6,9,76.79,13,3,1,"    93,500"
1979,2015,6,12,76.79,13,3,1,"    96,000"
1979,2015,6,16,76.79,10,3,1,"    93,000"
1979,2015,6,18,76.79,6,3,1,"    96,000"
1980,2015,6,20,76.79,10,3,1,"    94,000"
1979,2015,6,20,76.79,9,3,1,"    96,500"
1979,2015,6,23,76.79,12,3,1,"    95,000"
1979,2015,6,24,76.79,12,3,1,"    95,000"
1979,2015,6,29,76.79,7,3,1,"    94,500"
1979,2015,6,29,76.79,10,3,1,"    98,000"
1979,2015,6,29,76.79,8,3,1,"    96,000"
1979,2015,7,3,76.79,14,3,1,"    94,000"
1979,2015,7,3,76.79,3,3,1,"    98,000"
1980,2015,7,4,76.79,11,3,1,"    98,000"
1979,2015,7,8,76.79,13,3,1,"    98,000"
1980,2015,7,11,76.79,12,3,1,"    96,000"
1979,2015,7,14,76.79,2,3,1,"    97,000"
1980,2015,7,14,76.79,13,3,1,"   100,000"
1980,2015,7,14,76.79,2,3,1,"    95,500"
1979,2015,7,16,76.79,2,3,1,"    96,000"
1979,2015,8,17,76.79,9,3,1,"    96,500"
1979,2015,8,19,76.79,7,3,1,"    98,800"
1979,2015,8,24,76.79,7,3,1,"    97,500"
1979,2015,9,16,76.79,9,3,1,"    96,700"
1979,2015,9,16,76.79,7,3,1,"    98,000"
1979,2015,9,17,76.79,12,3,1,"    98,000"
1979,2015,9,17,76.79,11,3,1,"    98,500"
1979,2015,9,17,76.79,9,3,1,"    99,500"
1979,2015,9,19,76.79,12,3,1,"    99,500"
1979,2015,9,21,76.79,10,3,1,"    99,000"
1979,2015,9,23,76.79,9,3,1,"    99,500"
1979,2015,9,24,76.79,2,3,1,"    97,000"
1980,2015,9,25,76.79,6,3,1,"    99,500"
1980,2015,10,1,76.79,8,3,1,"    98,800"
1979,2015,10,2,76.79,9,3,1,"    99,000"
1979,2015,10,8,76.79,12,3,1,"    99,800"
1979,2015,10,9,76.79,9,3,1,"    98,500"
1979,2015,10,9,76.79,8,3,1,"    99,500"
1979,2015,10,13,76.79,6,3,1,"    98,500"
1979,2015,10,14,76.79,13,3,1,"    99,900"
1979,2015,10,14,76.79,9,3,1,"    99,000"
1979,2015,10,15,76.79,12,3,1,"   100,000"
1980,2015,10,16,76.79,1,3,1,"    94,500"
1979,2015,10,16,76.79,8,3,1,"    99,600"
1979,2015,10,16,76.79,12,3,1,"   100,000"
1979,2015,10,18,76.79,3,3,1,"    96,800"
1980,2015,10,19,76.79,13,3,1,"   100,000"
1979,2015,10,20,76.79,7,3,1,"   100,000"
1979,2015,10,22,76.79,10,3,1,"   100,900"
1979,2015,10,23,76.79,6,3,1,"   100,600"
1979,2015,10,23,76.79,13,3,1,"   100,000"
1980,2015,10,27,76.79,9,3,1,"    99,000"
1980,2015,10,27,76.79,13,3,1,"    99,200"
1979,2015,11,2,76.79,9,3,1,"   102,000"
1979,2015,11,3,76.79,8,3,1,"   100,500"
1979,2015,11,5,76.79,14,3,1,"   100,000"
1979,2015,11,6,76.79,8,3,1,"    99,990"
1979,2015,11,18,76.79,7,3,1,"   100,000"
1980,2015,11,24,76.79,10,3,1,"    98,500"
1980,2015,11,25,76.79,11,3,1,"    97,000"
1979,2015,11,25,76.79,8,3,1,"   101,000"
1980,2015,11,25,76.79,6,3,1,"   100,000"
1979,2015,11,28,76.79,13,3,1,"   101,000"
1980,2015,11,30,76.79,5,3,1,"   100,000"
1979,2015,12,2,76.79,13,3,1,"   100,500"
1979,2016,1,11,76.79,8,3,1,"    97,000"
1979,2016,1,13,76.79,7,3,1,"    94,000"
1980,2016,1,13,76.79,12,3,1,"    95,000"
1979,2016,1,23,76.79,10,3,1,"    95,000"
1979,2016,1,23,76.79,8,3,1,"    96,000"
1980,2016,1,28,76.79,8,3,1,"    95,200"
1979,2016,2,11,76.79,4,3,1,"    92,500"
1980,2016,2,13,76.79,4,3,1,"    90,000"
1979,2016,2,16,76.79,3,3,1,"    93,000"
1979,2016,2,19,76.79,2,3,1,"    88,000"
1979,2016,2,23,76.79,2,3,1,"    92,500"
1979,2016,2,23,76.79,7,3,1,"    95,000"
1979,2016,2,27,76.79,10,3,1,"    99,000"
1979,2016,3,1,76.79,4,3,1,"    94,800"
1980,2016,3,1,76.79,13,3,1,"    95,500"
1979,2016,3,1,76.79,1,3,1,"    91,500"
1979,2016,3,2,76.79,1,3,1,"    89,000"
1979,2016,3,4,76.79,7,3,1,"    96,000"
1979,2016,3,7,76.79,1,3,1,"    91,000"
1979,2016,3,7,76.79,14,3,1,"    94,500"
1980,2016,3,10,76.79,5,3,1,"    93,800"
1979,2016,3,12,76.79,7,3,1,"    96,000"
1980,2016,3,14,76.79,7,3,1,"    96,500"
1979,2016,3,15,76.79,1,3,1,"    89,500"
1980,2016,3,17,76.79,10,3,1,"    95,500"
1979,2016,3,18,76.79,4,3,1,"    97,500"
1980,2016,3,23,76.79,9,3,1,"    97,000"
1980,2016,3,28,76.79,8,3,1,"    99,000"
1980,2016,3,28,76.79,7,3,1,"    97,000"
1979,2016,3,30,76.79,14,3,1,"    94,500"
1979,2016,4,1,76.79,13,3,1,"   100,000"
1979,2016,4,1,76.79,10,3,1,"   100,000"
1980,2016,4,1,76.79,2,3,1,"    95,000"
1979,2016,4,2,76.79,7,3,1,"    99,900"
1979,2016,4,2,76.79,8,3,1,"   100,500"
1979,2016,4,2,76.79,14,3,1,"    96,500"
1980,2016,4,2,76.79,13,3,1,"    99,750"
1979,2016,4,2,76.79,1,3,1,"    90,000"
1980,2016,4,4,76.79,7,3,1,"   100,600"
1979,2016,4,4,76.79,14,3,1,"    97,000"
1979,2016,4,5,76.79,12,3,1,"   101,000"
1979,2016,4,6,76.79,3,3,1,"   100,000"
1980,2016,4,6,76.79,14,3,1,"    97,000"
1979,2016,4,8,76.79,1,3,1,"    96,500"
1980,2016,4,11,76.79,12,3,1,"   102,000"
1980,2016,4,13,76.79,6,3,1,"    99,800"
1980,2016,4,15,76.79,13,3,1,"   101,000"
1979,2016,4,16,76.79,11,3,1,"   100,500"
1979,2016,4,18,76.79,6,3,1,"   100,000"
1979,2016,4,18,76.79,2,3,1,"    96,800"
1979,2016,4,22,76.79,8,3,1,"   102,000"
1980,2016,4,22,76.79,1,3,1,"    95,000"
1979,2016,4,22,76.79,11,3,1,"   102,500"
1980,2016,4,27,76.79,2,3,1,"   100,000"
1979,2016,4,28,76.79,5,3,1,"   101,700"
1979,2016,4,30,76.79,8,3,1,"   103,000"
1979,2016,5,2,76.79,7,3,1,"   102,000"
1979,2016,5,2,76.79,5,3,1,"    95,800"
1979,2016,5,4,76.79,5,3,1,"   102,000"
1979,2016,5,4,76.79,13,3,1,"   102,800"
1979,2016,5,9,76.79,13,3,1,"   102,500"
1979,2016,5,10,76.79,7,3,1,"   102,800"
1979,2016,5,11,76.79,5,3,1,"   103,000"
1979,2016,5,12,76.79,2,3,1,"   100,000"
1979,2016,5,13,76.79,7,3,1,"   103,000"
1979,2016,5,14,76.79,13,3,1,"   104,700"
1979,2016,5,14,76.79,2,3,1,"   100,500"
1979,2016,5,15,76.79,1,3,1,"    97,500"
1979,2016,5,21,76.79,10,3,1,"   106,000"
1980,2016,5,23,76.79,13,3,1,"   104,000"
1979,2016,5,23,76.79,2,3,1,"   103,000"
1979,2016,5,23,76.79,11,3,1,"   107,000"
1979,2016,5,31,76.79,9,3,1,"   106,000"
1980,2016,5,31,76.79,1,3,1,"   102,000"
1980,2016,6,2,76.79,12,3,1,"   107,000"
1980,2016,6,3,76.79,2,3,1,"   103,000"
1979,2016,6,4,76.79,7,3,1,"   109,000"
1980,2016,6,10,76.79,14,3,1,"   110,000"
1979,2016,6,11,76.79,2,3,1,"   108,000"
1979,2016,6,11,76.79,5,3,1,"   105,000"
1979,2016,6,13,76.79,13,3,1,"   110,000"
1980,2016,6,14,76.79,9,3,1,"   110,000"
1979,2016,6,15,76.79,9,3,1,"   112,000"
1979,2016,6,16,76.79,14,3,1,"   111,000"
1979,2016,6,18,76.79,3,3,1,"   110,000"
1980,2016,6,18,76.79,14,3,1,"   110,000"
1980,2016,6,18,76.79,12,3,1,"   111,000"
1979,2016,6,28,76.79,12,3,1,"   114,600"
1979,2016,7,9,76.79,10,3,1,"   111,500"
1979,2016,7,11,76.79,10,3,1,"   109,000"
1979,2016,7,14,76.79,12,3,1,"   112,000"
1979,2016,7,18,76.79,9,3,1,"   111,000"
1979,2016,7,22,76.79,4,3,1,"   111,000"
1979,2016,7,23,76.79,4,3,1,"   108,800"
1980,2016,7,23,76.79,5,3,1,"   112,300"
1980,2016,7,26,76.79,11,3,1,"   111,000"
1980,2016,7,26,76.79,3,3,1,"   110,000"
1979,2016,7,29,76.79,3,3,1,"   110,500"
1980,2016,8,3,76.79,14,3,1,"   109,000"
1979,2016,8,4,76.79,1,3,1,"   107,000"
1980,2016,8,8,76.79,3,3,1,"   113,000"
1980,2016,8,8,76.79,1,3,1,"   107,500"
1979,2016,8,8,76.79,10,3,1,"   115,000"
1979,2016,8,8,76.79,8,3,1,"   115,000"
1979,2016,8,9,76.79,12,3,1,"   113,500"
1979,2016,8,11,76.79,7,3,1,"   115,000"
1980,2016,8,16,76.79,5,3,1,"   110,000"
1979,2016,8,16,76.79,14,3,1,"   113,000"
1979,2016,8,20,76.79,8,3,1,"   115,000"
1979,2016,8,20,76.79,5,3,1,"   113,500"
1979,2016,8,23,76.79,5,3,1,"   115,000"
1979,2016,8,23,76.79,8,3,1,"   116,700"
1979,2016,8,25,76.79,1,3,1,"   107,800"
1979,2016,8,27,76.79,4,3,1,"   117,000"
1979,2016,8,29,76.79,3,3,1,"   118,000"
1979,2016,8,30,76.79,9,3,1,"   120,000"
1980,2016,8,31,76.79,5,3,1,"   120,000"
1980,2016,9,1,76.79,5,3,1,"   120,000"
1979,2016,9,1,76.79,4,3,1,"   115,000"
1980,2016,9,2,76.79,4,3,1,"   119,000"
1980,2016,9,2,76.79,1,3,1,"   114,500"
1980,2016,9,3,76.79,4,3,1,"   119,500"
1980,2016,9,5,76.79,9,3,1,"   119,800"
1979,2016,9,6,76.79,1,3,1,"   115,000"
1979,2016,9,8,76.79,7,3,1,"   120,000"
1979,2016,9,8,76.79,6,3,1,"   125,000"
1979,2016,9,9,76.79,6,3,1,"   120,000"
1979,2016,9,13,76.79,14,3,1,"   123,000"
1979,2016,9,19,76.79,13,3,1,"   122,000"
1979,2016,9,20,76.79,5,3,1,"   113,800"
1979,2016,9,24,76.79,3,3,1,"   120,000"
1979,2016,9,27,76.79,7,3,1,"   125,000"
1979,2016,9,27,76.79,11,3,1,"   120,500"
1979,2016,9,28,76.79,5,3,1,"   122,000"
1979,2016,9,28,76.79,3,3,1,"   120,000"
1980,2016,10,1,76.79,2,3,1,"   120,000"
1980,2016,10,12,76.79,4,3,1,"   120,000"
1979,2016,10,12,76.79,10,3,1,"   123,000"
1979,2016,10,17,76.79,9,3,1,"   120,500"
1980,2016,10,26,76.79,8,3,1,"   120,000"
1980,2016,12,9,76.79,7,3,1,"   110,000"
1979,2016,12,15,76.79,12,3,1,"   108,000"
1979,2016,12,23,76.79,9,3,1,"   107,500"
1979,2017,1,7,76.79,7,3,1,"   110,000"
1980,2017,1,7,76.79,12,3,1,"   109,700"
1979,2017,1,10,76.79,4,3,1,"   110,000"
1979,2017,1,14,76.79,12,3,1,"   110,800"
1979,2017,1,17,76.79,6,3,1,"   108,000"
1979,2017,1,17,76.79,13,3,1,"   110,000"
1979,2017,1,20,76.79,14,3,1,"   110,000"
1979,2017,1,21,76.79,11,3,1,"   115,000"
1979,2017,1,23,76.79,10,3,1,"   115,000"
1979,2017,2,3,76.79,2,3,1,"   110,500"
1979,2017,2,3,76.79,14,3,1,"   114,500"
1980,2017,2,4,76.79,5,3,1,"   114,500"
1980,2017,2,4,76.79,12,3,1,"   115,000"
1980,2017,2,4,76.79,4,3,1,"   113,400"
1979,2017,2,5,76.79,9,3,1,"   115,000"
1979,2017,2,7,76.79,10,3,1,"   114,000"
1980,2017,2,9,76.79,8,3,1,"   115,000"
1979,2017,2,18,76.79,12,3,1,"   116,000"
1979,2017,2,18,76.79,10,3,1,"   116,800"
1979,2017,2,20,76.79,5,3,1,"   116,000"
1979,2017,2,20,76.79,11,3,1,"   115,000"
1980,2017,2,22,76.79,14,3,1,"   115,000"
1979,2017,2,24,76.79,13,3,1,"   117,500"
1979,2017,3,1,76.79,14,3,1,"   114,000"
1979,2017,3,1,76.79,14,3,1,"   115,500"
1979,2017,3,9,76.79,3,3,1,"   114,000"
1979,2017,3,10,76.79,6,3,1,"   115,000"
1979,2017,3,12,76.79,11,3,1,"   116,000"
1979,2017,3,13,76.79,6,3,1,"   116,000"
1979,2017,3,14,76.79,13,3,1,"   109,500"
1980,2017,3,16,76.79,12,3,1,"   115,000"
1979,2017,3,18,76.79,11,3,1,"   115,300"
1980,2017,3,22,76.79,8,3,1,"   116,000"
1979,2017,3,22,76.79,2,3,1,"   113,500"
1979,2017,3,23,76.79,1,3,1,"   109,800"
1979,2017,3,25,76.79,11,3,1,"   115,000"
1979,2017,3,27,76.79,1,3,1,"   110,000"
1979,2017,3,29,76.79,3,3,1,"   112,300"
1980,2017,4,1,76.79,12,3,1,"   115,500"
1979,2017,4,1,76.79,11,3,1,"   116,500"
1979,2017,4,3,76.79,3,3,1,"   113,000"
1979,2017,4,5,76.79,2,3,1,"   115,500"
1979,2017,4,8,76.79,12,3,1,"   117,000"
1979,2017,4,10,76.79,14,3,1,"   115,000"
1979,2017,4,13,76.79,4,3,1,"   116,000"
1979,2017,4,13,76.79,8,3,1,"   113,000"
1979,2017,4,15,76.79,11,3,1,"   117,300"
1979,2017,4,15,76.79,1,3,1,"   113,000"
1979,2017,4,19,76.79,3,3,1,"   114,000"
1979,2017,4,20,76.79,7,3,1,"   117,000"
1979,2017,4,21,76.79,6,3,1,"   118,000"
1979,2017,4,24,76.79,3,3,1,"   115,000"
1979,2017,4,25,76.79,14,3,1,"   117,000"
1979,2017,4,25,76.79,6,3,1,"   110,000"
1980,2017,4,26,76.79,7,3,1,"   118,000"
1979,2017,4,28,76.79,4,3,1,"   114,300"
1979,2017,4,28,76.79,8,3,1,"   118,000"
1980,2017,4,29,76.79,7,3,1,"   121,000"
1980,2017,5,3,76.79,8,3,1,"   120,000"
1979,2017,5,15,76.79,12,3,1,"   118,000"
1980,2017,5,20,76.79,3,3,1,"   113,000"
1979,2017,5,22,76.79,14,3,1,"   118,000"
1979,2017,5,24,76.79,7,3,1,"   119,000"
1979,2017,5,24,76.79,6,3,1,"   116,500"
1980,2017,5,24,76.79,3,3,1,"   114,000"
1980,2017,5,24,76.79,5,3,1,"   115,000"
1979,2017,5,26,76.79,5,3,1,"   119,500"
1979,2017,5,27,76.79,10,3,1,"   117,000"
1979,2017,5,27,76.79,9,3,1,"   121,000"
1979,2017,5,27,76.79,4,3,1,"   120,000"
1979,2017,5,27,76.79,7,3,1,"   120,000"
1979,2017,5,27,76.79,5,3,1,"   119,300"
1979,2017,5,27,76.79,14,3,1,"   117,500"
1979,2017,5,27,76.79,8,3,1,"   120,000"
1979,2017,5,29,76.79,6,3,1,"   120,000"
1980,2017,5,29,76.79,14,3,1,"   118,000"
1979,2017,5,29,76.79,12,3,1,"   120,000"
1979,2017,5,30,76.79,3,3,1,"   116,500"
1980,2017,5,30,76.79,13,3,1,"   120,000"
1980,2017,5,30,76.79,10,3,1,"   120,000"
1979,2017,5,31,76.79,12,3,1,"   122,000"
1979,2017,6,1,76.79,14,3,1,"   117,000"
1979,2017,6,1,76.79,2,3,1,"   115,000"
1980,2017,6,1,76.79,7,3,1,"   120,000"
1980,2017,6,1,76.79,14,3,1,"   117,500"
1979,2017,6,2,76.79,7,3,1,"   116,000"
1979,2017,6,6,76.79,12,3,1,"   122,000"
1979,2017,6,6,76.79,5,3,1,"   120,000"
1979,2017,6,8,76.79,2,3,1,"   118,000"
1980,2017,6,9,76.79,9,3,1,"   121,500"
1980,2017,6,9,76.79,11,3,1,"   122,000"
1980,2017,6,22,76.79,12,3,1,"   120,000"
1979,2017,6,22,76.79,3,3,1,"   119,500"
1979,2017,6,23,76.79,2,3,1,"   117,500"
1979,2017,6,26,76.79,10,3,1,"   121,000"
1979,2017,6,28,76.79,8,3,1,"   120,000"
1979,2017,6,29,76.79,11,3,1,"   125,500"
1979,2017,6,30,76.79,11,3,1,"   122,000"
1979,2017,7,1,76.79,6,3,1,"   123,000"
1979,2017,7,1,76.79,7,3,1,"   123,000"
1979,2017,7,3,76.79,5,3,1,"   122,000"
1980,2017,7,3,76.79,12,3,1,"   123,000"
1979,2017,7,4,76.79,14,3,1,"   124,500"
1980,2017,7,4,76.79,3,3,1,"   119,000"
1980,2017,7,5,76.79,2,3,1,"   118,000"
1979,2017,7,7,76.79,1,3,1,"   120,000"
1980,2017,7,7,76.79,13,3,1,"   124,000"
1980,2017,7,7,76.79,6,3,1,"   125,000"
1980,2017,7,8,76.79,3,3,1,"   123,000"
1979,2017,7,12,76.79,12,3,1,"   127,000"
1980,2017,7,13,76.79,1,3,1,"   124,000"
1979,2017,7,14,76.79,8,3,1,"   126,500"
1979,2017,7,15,76.79,10,3,1,"   129,000"
1979,2017,7,17,76.79,13,3,1,"   130,000"
1980,2017,7,19,76.79,9,3,1,"   130,000"
1980,2017,7,23,76.79,6,3,1,"   134,800"
1979,2017,7,24,76.79,8,3,1,"   136,000"
1979,2017,7,24,76.79,7,3,1,"   133,000"
1980,2017,7,24,76.79,11,3,1,"   136,000"
1979,2017,7,25,76.79,12,3,1,"   138,000"
1979,2017,7,26,76.79,7,3,1,"   134,000"
1979,2017,7,28,76.79,7,3,1,"   137,500"
1979,2017,7,29,76.79,2,3,1,"   132,000"
1979,2017,8,11,76.79,7,3,1,"   125,000"
1980,2017,8,16,76.79,3,3,1,"   122,000"
1979,2017,8,25,76.79,7,3,1,"   123,000"
1979,2017,8,30,76.79,2,3,1,"   122,000"
1980,2017,8,31,76.79,7,3,1,"   122,500"
1979,2017,8,31,76.79,11,3,1,"   126,000"
1979,2017,9,2,76.79,12,3,1,"   126,800"
1979,2017,9,4,76.79,8,3,1,"   123,000"
1979,2017,9,8,76.79,2,3,1,"   119,500"
1979,2017,9,9,76.79,1,3,1,"   120,000"
1979,2017,9,11,76.79,6,3,1,"   125,000"
1979,2017,9,11,76.79,9,3,1,"   126,000"
1979,2017,9,11,76.79,13,3,1,"   126,000"
1980,2017,9,13,76.79,4,3,1,"   130,000"
1979,2017,9,14,76.79,5,3,1,"   126,700"
1979,2017,9,14,76.79,13,3,1,"   127,000"
1980,2017,9,15,76.79,12,3,1,"   128,000"
1979,2017,9,16,76.79,9,3,1,"   129,500"
1979,2017,9,20,76.79,13,3,1,"   127,500"
1979,2017,9,20,76.79,1,3,1,"   130,000"
1980,2017,9,22,76.79,14,3,1,"   135,000"
1979,2017,9,23,76.79,12,3,1,"   128,000"
1979,2017,9,23,76.79,2,3,1,"   129,000"
1980,2017,9,25,76.79,6,3,1,"   134,000"
1979,2017,9,25,76.79,3,3,1,"   133,500"
1980,2017,9,26,76.79,1,3,1,"   130,000"
1979,2017,9,29,76.79,5,3,1,"   134,000"
1979,2017,9,30,76.79,7,3,1,"   135,000"
1979,2017,9,30,76.79,8,3,1,"   134,000"
1980,2017,10,9,76.79,14,3,1,"   135,000"
1979,2017,10,10,76.79,10,3,1,"   138,000"
1979,2017,10,12,76.79,1,3,1,"   130,800"
1979,2017,10,13,76.79,7,3,1,"   133,700"
1979,2017,10,17,76.79,3,3,1,"   137,000"
1979,2017,10,18,76.79,6,3,1,"   138,000"
1979,2017,10,18,76.79,13,3,1,"   134,200"
1979,2017,10,21,76.79,12,3,1,"   138,000"
1979,2017,10,27,76.79,6,3,1,"   140,000"
1979,2017,10,27,76.79,7,3,1,"   139,500"
1979,2017,10,28,76.79,8,3,1,"   139,000"
1980,2017,10,28,76.79,11,3,1,"   138,000"
1979,2017,11,6,76.79,6,3,1,"   140,000"
1979,2017,11,9,76.79,7,3,1,"   131,500"
1979,2017,11,9,76.79,3,3,1,"   139,000"
1979,2017,11,14,76.79,3,3,1,"   142,000"
1979,2017,11,16,76.79,6,3,1,"   141,000"
1980,2017,11,21,76.79,7,3,1,"   142,000"
1979,2017,11,22,76.79,2,3,1,"   103,400"
1979,2017,11,23,76.79,2,3,1,"   140,000"
1980,2017,11,30,76.79,8,3,1,"   143,500"
1979,2017,12,2,76.79,3,3,1,"   143,000"
1980,2017,12,3,76.79,2,3,1,"   142,000"
1979,2017,12,5,76.79,9,3,1,"   144,000"
1979,2017,12,6,76.79,9,3,1,"   147,000"
1979,2017,12,6,76.79,12,3,1,"   145,500"
1979,2017,12,6,76.79,14,3,1,"   143,000"
1979,2017,12,11,76.79,2,3,1,"   142,000"
1979,2017,12,12,76.79,4,3,1,"   144,000"
1979,2017,12,12,76.79,13,3,1,"   144,000"
1979,2017,12,12,76.79,11,3,1,"   130,000"
1979,2017,12,13,76.79,6,3,1,"   145,000"
1980,2017,12,13,76.79,6,3,1,"   145,000"
1980,2017,12,14,76.79,11,3,1,"   147,000"
1979,2017,12,18,76.79,6,3,1,"   149,500"
1979,2017,12,22,76.79,14,3,1,"   146,000"
1980,2017,12,23,76.79,5,3,1,"   146,500"
1979,2017,12,23,76.79,13,3,1,"   150,000"
1979,2017,12,30,76.79,9,3,1,"   150,000"
1979,2018,1,3,76.79,1,3,1,"   145,000"
1979,2018,1,5,76.79,7,3,1,"   153,000"
1979,2018,1,8,76.79,7,3,1,"   152,000"
1979,2018,1,8,76.79,3,3,1,"   153,000"
1980,2018,1,10,76.79,8,3,1,"   160,000"
1980,2018,1,10,76.79,2,3,1,"   150,000"
1980,2018,1,11,76.79,1,3,1,"   146,000"
1979,2018,1,11,76.79,9,3,1,"   157,000"
1980,2018,1,12,76.79,7,3,1,"   156,000"
1979,2018,1,13,76.79,13,3,1,"   156,000"
1979,2018,1,15,76.79,10,3,1,"   158,000"
1980,2018,1,18,76.79,12,3,1,"   160,000"
1979,2018,1,18,76.79,6,3,1,"   160,000"
1979,2018,1,23,76.79,12,3,1,"   160,000"
1980,2018,1,26,76.79,10,3,1,"   161,000"
1979,2018,1,26,76.79,14,3,1,"   160,000"
1979,2018,1,27,76.79,7,3,1,"   161,000"
1979,2018,1,29,76.79,1,3,1,"   155,000"
1979,2018,2,2,76.79,2,3,1,"   157,000"
1980,2018,2,7,76.79,9,3,1,"   156,000"
1979,2018,2,8,76.79,6,3,1,"   155,500"
1979,2018,2,9,76.79,12,3,1,"   155,000"
1979,2018,3,1,76.79,9,3,1,"   158,500"
1979,2018,3,5,76.79,3,3,1,"   150,000"
1979,2018,3,9,76.79,5,3,1,"   151,000"
1979,2018,3,10,76.79,4,3,1,"   155,000"
1979,2018,3,21,76.79,13,3,1,"   152,000"
1980,2018,3,21,76.79,6,3,1,"   155,500"
1980,2018,5,12,76.79,2,3,1,"   145,000"
1979,2018,5,12,76.79,7,3,1,"   151,000"
1980,2018,5,13,76.79,8,3,1,"   145,500"
1979,2018,5,22,76.79,9,3,1,"   147,000"
1980,2018,5,31,76.79,10,3,1,"   150,000"
1979,2018,6,11,76.79,4,3,1,"   148,000"
1979,2018,6,16,76.79,4,3,1,"   148,000"
1979,2018,6,19,76.79,14,3,1,"   150,500"
1979,2018,6,20,76.79,6,3,1,"   148,000"
1979,2018,6,26,76.79,3,3,1,"   149,000"
1980,2018,6,26,76.79,8,3,1,"   147,000"
1979,2018,6,27,76.79,6,3,1,"   147,500"
1979,2018,7,2,76.79,4,3,1,"   149,000"
1980,2018,7,3,76.79,2,3,1,"   147,500"
1979,2018,7,4,76.79,3,3,1,"   148,000"
1980,2018,7,7,76.79,14,3,1,"   151,000"
1979,2018,7,9,76.79,8,3,1,"   154,000"
1979,2018,7,9,76.79,4,3,1,"   151,000"
1980,2018,7,12,76.79,4,3,1,"   152,000"
1979,2018,7,13,76.79,2,3,1,"   149,000"
1979,2018,7,14,76.79,1,3,1,"   150,000"
1979,2018,7,16,76.79,13,3,1,"   154,500"
1979,2018,7,20,76.79,8,3,1,"   163,000"
1979,2018,7,24,76.79,5,3,1,"   164,500"
1979,2018,7,28,76.79,2,3,1,"   162,500"
1979,2018,7,31,76.79,3,3,1,"   165,000"
1979,2018,8,6,76.79,4,3,1,"   167,300"
1980,2018,8,11,76.79,14,3,1,"   167,000"
1979,2018,8,17,76.79,9,3,1,"   169,800"
1979,2018,8,20,76.79,8,3,1,"   168,000"
1979,2018,8,21,76.79,6,3,1,"   170,500"
1980,2018,8,22,76.79,11,3,1,"   172,000"
1980,2018,8,23,76.79,2,3,1,"   165,500"
1979,2018,8,23,76.79,2,3,1,"   171,000"
1979,2018,8,23,76.79,9,3,1,"   182,000"
1979,2018,8,24,76.79,3,3,1,"   168,000"
1979,2018,8,25,76.79,12,3,1,"   175,000"
1979,2018,8,28,76.79,13,3,1,"   176,000"
1979,2018,8,30,76.79,8,3,1,"   178,000"
1979,2018,9,1,76.79,7,3,1,"   180,000"
1979,2018,9,3,76.79,7,3,1,"   181,000"
1979,2018,9,3,76.79,6,3,1,"   180,000"
1979,2018,9,5,76.79,12,3,1,"   185,000"
1980,2018,9,5,76.79,13,3,1,"   185,000"
1979,2018,9,6,76.79,3,3,1,"   180,000"
1979,2018,9,7,76.79,14,3,1,"   181,000"
1980,2018,9,11,76.79,2,3,1,"   183,000"
1979,2018,10,3,76.79,6,3,1,"   175,000"
1980,2018,10,10,76.79,13,3,1,"   175,000"
1980,2018,10,29,76.79,7,3,1,"   175,500"
1979,2018,11,20,76.79,14,3,1,"   160,000"
1979,2019,1,14,76.79,10,3,1,"   156,800"
1979,2019,1,16,76.79,10,3,1,"   157,000"
1980,2019,1,24,76.79,1,3,1,"   140,000"
1980,2019,1,31,76.79,4,3,1,"   151,200"
1980,2019,2,19,76.79,12,3,1,"   150,000"
1980,2019,2,20,76.79,8,3,1,"   156,000"
1980,2019,2,23,76.79,4,3,1,"   148,000"
1979,2019,2,27,76.79,5,3,1,"   154,000"
1979,2019,3,2,76.79,13,3,1,"   154,500"
1980,2019,3,5,76.79,9,3,1,"   155,500"
1979,2019,3,5,76.79,13,3,1,"   153,000"
1980,2019,3,9,76.79,10,3,1,"   155,000"
1980,2019,3,17,76.79,9,3,1,"   155,000"
1979,2019,3,19,76.79,4,3,1,"   155,000"
1979,2019,3,19,76.79,11,3,1,"   155,000"
1979,2019,3,21,76.79,9,3,1,"   158,000"
1980,2019,3,21,76.79,3,3,1,"   152,000"
1979,2019,3,27,76.79,3,3,1,"   155,000"
1979,2019,4,3,76.79,13,3,1,"   157,000"
1979,2019,4,3,76.79,2,3,1,"   154,000"
1979,2019,4,4,76.79,5,3,1,"   159,000"
1979,2019,4,6,76.79,9,3,1,"   164,000"
1979,2019,4,15,76.79,2,3,1,"   157,000"
1980,2019,4,26,76.79,3,3,1,"   165,000"
1979,2019,5,9,76.79,1,3,1,"   161,000"
1979,2019,5,17,76.79,5,3,1,"   169,000"
1979,2019,5,21,76.79,14,3,1,"   165,000"
1979,2019,5,23,76.79,9,3,1,"   171,000"
1980,2019,5,30,76.79,3,3,1,"   170,000"
1979,2019,6,10,76.79,7,3,1,"   175,000"
1979,2019,6,15,76.79,7,3,1,"   170,000"
1980,2019,6,15,76.79,9,3,1,"   173,000"
1979,2019,6,17,76.79,14,3,1,"   170,500"
1980,2019,6,20,76.79,9,3,1,"   175,000"
1979,2019,6,20,76.79,4,3,1,"   175,000"
1979,2019,6,20,76.79,4,3,1,"   175,000"
1979,2019,6,21,76.79,11,3,1,"   179,000"
1979,2019,6,21,76.79,4,3,1,"   175,000"
1979,2019,6,24,76.79,1,3,1,"   170,000"
1979,2019,6,24,76.79,1,3,1,"   169,500"
1980,2019,6,26,76.79,5,3,1,"   180,000"
1979,2010,1,8,84.43,7,4,2,"   118,500"
1979,2010,1,9,84.43,1,4,2,"   110,000"
1979,2010,1,13,84.43,12,4,2,"   120,500"
1979,2010,1,14,84.43,4,4,2,"   118,500"
1979,2010,1,14,84.43,13,4,2,"   122,000"
1979,2010,1,16,84.43,3,4,2,"   117,750"
1979,2010,1,16,84.43,3,4,2,"   120,000"
1979,2010,1,16,84.43,2,4,2,"   120,000"
1979,2010,1,21,84.43,7,4,2,"   122,900"
1979,2010,1,22,84.43,13,4,2,"   125,000"
1979,2010,2,2,84.43,5,4,2,"   121,200"
1979,2010,2,4,84.43,6,4,2,"   121,000"
1980,2010,2,4,84.43,9,4,2,"    94,900"
1979,2010,2,9,84.43,12,4,2,"   120,000"
1979,2010,2,11,84.43,9,4,2,"   110,000"
1979,2010,2,16,84.43,1,4,2,"   117,500"
1979,2010,3,6,84.43,9,4,2,"   123,000"
1979,2010,4,22,84.43,8,4,2,"   106,000"
1979,2010,5,11,84.43,4,4,2,"   104,000"
1979,2010,5,22,84.43,6,4,2,"   105,250"
1979,2010,5,29,84.43,1,4,2,"   104,500"
1979,2010,6,4,84.43,8,4,2,"   105,500"
1979,2010,6,24,84.43,7,4,2,"   102,500"
1979,2010,7,5,84.43,10,4,2,"   102,500"
1979,2010,7,9,84.43,10,4,2,"   102,000"
1979,2010,7,12,84.43,5,4,2,"    99,000"
1979,2010,7,30,84.43,7,4,2,"   102,000"
1979,2010,8,3,84.43,8,4,2,"   100,000"
1979,2010,8,9,84.43,13,4,2,"   102,700"
1979,2010,8,10,84.43,6,4,2,"   104,000"
1979,2010,8,12,84.43,5,4,2,"   101,000"
1979,2010,8,12,84.43,1,4,2,"   100,000"
1979,2010,8,13,84.43,4,4,2,"   105,000"
1979,2010,8,16,84.43,14,4,2,"   101,000"
1979,2010,8,19,84.43,14,4,2,"   106,000"
1979,2010,8,21,84.43,9,4,2,"   107,000"
1979,2010,8,21,84.43,11,4,2,"   104,000"
1979,2010,8,24,84.43,1,4,2,"   102,300"
1979,2010,9,4,84.43,3,4,2,"   110,000"
1979,2010,9,15,84.43,7,4,2,"   110,700"
1979,2010,9,28,84.43,8,4,2,"   110,000"
1979,2010,10,12,84.43,12,4,2,"   108,000"
1979,2010,10,14,84.43,4,4,2,"   109,800"
1979,2010,10,14,84.43,1,4,2,"   102,200"
1979,2010,10,19,84.43,5,4,2,"   109,500"
1979,2010,11,4,84.43,13,4,2,"   108,400"
1979,2010,11,5,84.43,10,4,2,"   110,000"
1979,2010,11,6,84.43,12,4,2,"   111,000"
1979,2010,11,8,84.43,3,4,2,"   109,250"
1979,2010,11,12,84.43,5,4,2,"   113,000"
1979,2010,11,16,84.43,10,4,2,"   111,500"
1979,2010,11,16,84.43,3,4,2,"   109,800"
1979,2010,11,22,84.43,3,4,2,"   110,000"
1979,2010,11,22,84.43,14,4,2,"   109,000"
1979,2010,12,2,84.43,13,4,2,"   109,000"
1979,2010,12,4,84.43,6,4,2,"   112,200"
1979,2010,12,6,84.43,4,4,2,"   108,700"
1980,2010,12,8,84.43,7,4,2,"    23,500"
1979,2010,12,11,84.43,13,4,2,"   114,700"
1979,2010,12,11,84.43,11,4,2,"   113,700"
1979,2010,12,14,84.43,9,4,2,"   114,700"
1979,2010,12,15,84.43,5,4,2,"   114,500"
1980,2010,12,15,84.43,3,4,2,"   114,000"
1979,2010,12,16,84.43,1,4,2,"   105,500"
1979,2010,12,18,84.43,12,4,2,"   114,500"
1979,2010,12,22,84.43,10,4,2,"   111,500"
1979,2010,12,28,84.43,8,4,2,"   113,000"
1979,2011,1,10,84.43,2,4,2,"   110,500"
1979,2011,1,15,84.43,6,4,2,"   113,500"
1979,2011,1,18,84.43,3,4,2,"   111,800"
1979,2011,1,18,84.43,7,4,2,"   114,000"
1979,2011,1,20,84.43,5,4,2,"   116,000"
1979,2011,1,26,84.43,10,4,2,"   114,500"
1979,2011,1,27,84.43,6,4,2,"   112,000"
1979,2011,2,19,84.43,6,4,2,"   117,000"
1979,2011,2,19,84.43,6,4,2,"   115,000"
1979,2011,2,23,84.43,2,4,2,"   112,300"
1979,2011,2,26,84.43,10,4,2,"   117,000"
1979,2011,3,2,84.43,12,4,2,"   114,000"
1979,2011,3,5,84.43,13,4,2,"   114,500"
1979,2011,3,10,84.43,8,4,2,"   115,000"
1979,2011,3,29,84.43,4,4,2,"   114,400"
1979,2011,4,22,84.43,14,4,2,"   108,500"
1979,2011,5,4,84.43,1,4,2,"   104,500"
1979,2011,5,6,84.43,10,4,2,"   109,500"
1979,2011,5,13,84.43,6,4,2,"   105,800"
1979,2011,5,19,84.43,6,4,2,"   107,000"
1979,2011,5,23,84.43,1,4,2,"   100,000"
1979,2011,6,3,84.43,4,4,2,"   110,000"
1979,2011,6,7,84.43,6,4,2,"   112,900"
1979,2011,6,9,84.43,13,4,2,"   106,000"
1979,2011,6,18,84.43,14,4,2,"   103,000"
1979,2011,7,12,84.43,8,4,2,"   106,500"
1979,2011,7,13,84.43,5,4,2,"   107,000"
1979,2011,7,18,84.43,10,4,2,"   108,000"
1979,2011,7,21,84.43,9,4,2,"   108,000"
1979,2011,7,22,84.43,2,4,2,"   106,000"
1979,2011,7,30,84.43,8,4,2,"   112,000"
1979,2011,7,30,84.43,8,4,2,"   108,500"
1979,2011,8,3,84.43,11,4,2,"   112,200"
1979,2011,8,18,84.43,13,4,2,"   107,000"
1979,2011,8,22,84.43,7,4,2,"   112,100"
1979,2011,8,31,84.43,4,4,2,"   111,000"
1979,2011,9,3,84.43,8,4,2,"   110,700"
1979,2011,10,13,84.43,8,4,2,"   106,000"
1979,2011,10,19,84.43,11,4,2,"   107,000"
1979,2011,11,11,84.43,11,4,2,"   107,000"
1979,2011,11,26,84.43,4,4,2,"   100,000"
1979,2011,12,7,84.43,9,4,2,"   100,500"
1979,2011,12,10,84.43,10,4,2,"   101,500"
1979,2011,12,10,84.43,11,4,2,"   103,000"
1979,2011,12,23,84.43,13,4,2,"    99,000"
1979,2012,1,6,84.43,6,4,2,"    94,000"
1979,2012,2,2,84.43,8,4,2,"    95,500"
1979,2012,2,7,84.43,5,4,2,"    90,000"
1979,2012,2,11,84.43,13,4,2,"    91,500"
1979,2012,2,24,84.43,2,4,2,"    90,000"
1979,2012,3,1,84.43,12,4,2,"    95,000"
1979,2012,3,2,84.43,3,4,2,"    90,000"
1979,2012,3,3,84.43,9,4,2,"    92,000"
1979,2012,3,8,84.43,8,4,2,"    90,000"
1979,2012,3,17,84.43,10,4,2,"    93,000"
1979,2012,3,22,84.43,9,4,2,"    90,000"
1979,2012,3,23,84.43,5,4,2,"    92,000"
1979,2012,3,23,84.43,10,4,2,"    92,000"
1979,2012,3,26,84.43,1,4,2,"    87,000"
1979,2012,4,7,84.43,13,4,2,"    91,700"
1979,2012,4,17,84.43,13,4,2,"    90,000"
1979,2012,4,17,84.43,7,4,2,"    94,000"
1979,2012,4,17,84.43,4,4,2,"    90,000"
1979,2012,4,19,84.43,6,4,2,"    90,000"
1979,2012,4,20,84.43,6,4,2,"    90,000"
1979,2012,4,23,84.43,12,4,2,"    90,000"
1980,2012,4,28,84.43,14,4,2,"    93,000"
1980,2012,5,3,84.43,5,4,2,"    93,000"
1980,2012,5,5,84.43,11,4,2,"    92,800"
1980,2012,5,11,84.43,3,4,2,"    93,500"
1980,2012,6,18,84.43,9,4,2,"    90,500"
1980,2012,6,18,84.43,8,4,2,"    90,000"
1980,2012,6,23,84.43,11,4,2,"    90,000"
1980,2012,7,25,84.43,12,4,2,"    87,500"
1980,2012,8,4,84.43,8,4,2,"    88,000"
1979,2012,8,29,84.43,2,4,2,"    85,500"
1979,2012,9,4,84.43,12,4,2,"    87,000"
1980,2012,9,9,84.43,8,4,2,"    86,700"
1980,2012,9,16,84.43,11,4,2,"    90,000"
1980,2012,9,19,84.43,3,4,2,"    84,300"
1979,2012,9,20,84.43,14,4,2,"    87,000"
1980,2012,9,21,84.43,3,4,2,"    88,500"
1979,2012,9,25,84.43,5,4,2,"    89,300"
1980,2012,9,28,84.43,12,4,2,"    88,000"
1980,2012,10,10,84.43,13,4,2,"    88,100"
1979,2012,10,11,84.43,4,4,2,"    87,000"
1980,2012,10,26,84.43,7,4,2,"    86,000"
1980,2012,11,16,84.43,7,4,2,"    85,800"
1980,2012,11,22,84.43,8,4,2,"    86,000"
1979,2012,12,4,84.43,14,4,2,"    80,500"
1980,2012,12,4,84.43,12,4,2,"    85,000"
1980,2012,12,5,84.43,10,4,2,"    83,000"
1979,2012,12,8,84.43,11,4,2,"    85,000"
1979,2012,12,8,84.43,10,4,2,"    84,500"
1980,2012,12,18,84.43,9,4,2,"    82,000"
1979,2012,12,18,84.43,12,4,2,"    83,200"
1980,2013,1,8,84.43,4,4,2,"    81,000"
1979,2013,1,14,84.43,3,4,2,"    80,500"
1979,2013,1,17,84.43,2,4,2,"    79,000"
1980,2013,1,18,84.43,4,4,2,"    84,000"
1980,2013,1,19,84.43,2,4,2,"    81,000"
1979,2013,1,21,84.43,14,4,2,"    82,500"
1980,2013,1,24,84.43,11,4,2,"    83,800"
1980,2013,1,25,84.43,4,4,2,"    83,000"
1980,2013,1,26,84.43,10,4,2,"    83,900"
1979,2013,1,27,84.43,8,4,2,"    86,000"
1979,2013,1,29,84.43,13,4,2,"    85,300"
1979,2013,2,5,84.43,11,4,2,"    87,000"
1980,2013,2,7,84.43,5,4,2,"    84,600"
1980,2013,2,8,84.43,13,4,2,"    84,800"
1979,2013,2,14,84.43,13,4,2,"    84,500"
1980,2013,2,14,84.43,13,4,2,"    85,300"
1979,2013,2,16,84.43,12,4,2,"    85,700"
1980,2013,2,19,84.43,1,4,2,"    82,000"
1980,2013,2,23,84.43,8,4,2,"    87,000"
1980,2013,2,23,84.43,8,4,2,"    86,000"
1980,2013,2,25,84.43,11,4,2,"    86,000"
1980,2013,2,28,84.43,13,4,2,"    85,800"
1980,2013,3,1,84.43,2,4,2,"    83,000"
1979,2013,3,2,84.43,10,4,2,"    89,700"
1980,2013,3,12,84.43,4,4,2,"    87,000"
1979,2013,3,14,84.43,1,4,2,"    81,000"
1980,2013,3,16,84.43,7,4,2,"    87,000"
1980,2013,3,20,84.43,6,4,2,"    88,000"
1980,2013,3,20,84.43,7,4,2,"    87,500"
1980,2013,3,28,84.43,10,4,2,"    88,200"
1980,2013,4,1,84.43,13,4,2,"    87,000"
1979,2013,4,2,84.43,5,4,2,"    89,000"
1980,2013,4,3,84.43,2,4,2,"    86,000"
1980,2013,4,6,84.43,12,4,2,"    90,000"
1980,2013,4,9,84.43,5,4,2,"    89,700"
1980,2013,4,23,84.43,2,4,2,"    89,000"
1979,2013,4,23,84.43,14,4,2,"    89,500"
1979,2013,4,26,84.43,8,4,2,"    90,000"
1980,2013,5,1,84.43,13,4,2,"    92,500"
1979,2013,5,3,84.43,6,4,2,"    89,800"
1980,2013,5,9,84.43,7,4,2,"    88,600"
1979,2013,5,11,84.43,14,4,2,"    88,500"
1980,2013,5,14,84.43,10,4,2,"    90,000"
1979,2013,5,25,84.43,8,4,2,"    90,000"
1980,2013,6,12,84.43,2,4,2,"    90,000"
1979,2013,6,28,84.43,12,4,2,"    89,800"
1979,2013,7,1,84.43,4,4,2,"    88,000"
1980,2013,7,14,84.43,7,4,2,"    90,000"
1980,2013,7,16,84.43,1,4,2,"    80,500"
1980,2013,7,19,84.43,10,4,2,"    83,000"
1980,2013,7,19,84.43,8,4,2,"    83,000"
1980,2013,7,26,84.43,5,4,2,"    87,800"
1980,2013,8,6,84.43,3,4,2,"    79,000"
1980,2013,8,13,84.43,13,4,2,"    86,000"
1979,2013,8,15,84.43,8,4,2,"    86,900"
1980,2013,8,27,84.43,1,4,2,"    79,500"
1980,2013,9,3,84.43,1,4,2,"    80,400"
1980,2013,9,6,84.43,7,4,2,"    86,500"
1980,2013,9,12,84.43,13,4,2,"    90,000"
1979,2013,9,21,84.43,2,4,2,"    85,000"
1979,2013,9,25,84.43,5,4,2,"    90,000"
1979,2013,9,27,84.43,4,4,2,"    89,500"
1979,2013,9,28,84.43,13,4,2,"    90,000"
1979,2013,10,2,84.43,5,4,2,"    87,600"
1979,2013,10,11,84.43,12,4,2,"    90,000"
1979,2013,10,12,84.43,10,4,2,"    90,000"
1979,2013,10,18,84.43,8,4,2,"    89,000"
1980,2013,10,21,84.43,5,4,2,"    89,500"
1980,2013,11,6,84.43,2,4,2,"    87,000"
1980,2013,11,11,84.43,2,4,2,"    85,500"
1980,2013,11,13,84.43,11,4,2,"    88,900"
1980,2013,11,13,84.43,12,4,2,"    92,500"
1980,2013,11,15,84.43,9,4,2,"    88,000"
1979,2013,11,18,84.43,1,4,2,"    79,300"
1980,2013,11,19,84.43,3,4,2,"    90,000"
1980,2013,11,19,84.43,4,4,2,"    91,000"
1979,2013,11,19,84.43,2,4,2,"    86,000"
1980,2013,11,22,84.43,10,4,2,"    90,000"
1979,2013,11,28,84.43,2,4,2,"    88,300"
1980,2013,11,30,84.43,14,4,2,"    89,500"
1979,2013,11,30,84.43,7,4,2,"    90,000"
1980,2013,12,1,84.43,7,4,2,"    90,000"
1980,2013,12,2,84.43,12,4,2,"    90,000"
1980,2013,12,3,84.43,3,4,2,"    87,700"
1980,2013,12,8,84.43,9,4,2,"    90,000"
1979,2013,12,11,84.43,2,4,2,"    90,000"
1980,2013,12,16,84.43,2,4,2,"    90,000"
1980,2013,12,23,84.43,8,4,2,"    90,000"
1979,2013,12,24,84.43,11,4,2,"    50,000"
1980,2013,12,27,84.43,3,4,2,"    95,000"
1979,2013,12,27,84.43,9,4,2,"    91,300"
1980,2014,1,5,84.43,2,4,2,"    89,000"
1980,2014,1,9,84.43,5,4,2,"    90,000"
1979,2014,1,11,84.43,5,4,2,"    94,500"
1980,2014,1,14,84.43,1,4,2,"    88,000"
1979,2014,2,4,84.43,9,4,2,"    95,000"
1979,2014,3,4,84.43,7,4,2,"   100,000"
1980,2014,3,14,84.43,1,4,2,"    94,500"
1980,2014,3,14,84.43,6,4,2,"    97,000"
1979,2014,4,8,84.43,1,4,2,"    95,000"
1979,2014,5,12,84.43,14,4,2,"    94,500"
1979,2014,6,3,84.43,2,4,2,"    95,500"
1979,2014,6,21,84.43,6,4,2,"    95,000"
1980,2014,7,3,84.43,12,4,2,"    96,800"
1980,2014,7,5,84.43,9,4,2,"    94,500"
1979,2014,7,11,84.43,8,4,2,"    91,000"
1979,2014,7,16,84.43,7,4,2,"    97,000"
1980,2014,7,25,84.43,14,4,2,"    95,900"
1980,2014,7,28,84.43,5,4,2,"    96,000"
1980,2014,7,31,84.43,1,4,2,"    93,000"
1979,2014,8,12,84.43,14,4,2,"    96,500"
1980,2014,8,20,84.43,8,4,2,"    97,000"
1980,2014,8,22,84.43,7,4,2,"    99,600"
1980,2014,9,2,84.43,10,4,2,"   100,000"
1980,2014,9,2,84.43,7,4,2,"   100,000"
1980,2014,9,3,84.43,6,4,2,"    98,000"
1979,2014,9,4,84.43,9,4,2,"   101,500"
1980,2014,9,5,84.43,7,4,2,"   100,500"
1979,2014,9,23,84.43,3,4,2,"    99,000"
1979,2014,10,6,84.43,2,4,2,"    99,000"
1980,2014,10,8,84.43,6,4,2,"    99,500"
1979,2014,11,28,84.43,14,4,2,"    93,000"
1980,2014,12,15,84.43,9,4,2,"    96,200"
1980,2014,12,18,84.43,10,4,2,"    98,000"
1979,2014,12,30,84.43,10,4,2,"    99,900"
1979,2014,12,31,84.43,7,4,2,"   100,000"
1979,2015,1,7,84.43,6,4,2,"   100,000"
1979,2015,1,22,84.43,14,4,2,"    98,000"
1979,2015,1,23,84.43,9,4,2,"   100,000"
1980,2015,2,3,84.43,4,4,2,"    98,000"
1980,2015,2,7,84.43,9,4,2,"   101,000"
1980,2015,2,7,84.43,8,4,2,"   103,000"
1980,2015,2,7,84.43,13,4,2,"   100,000"
1979,2015,2,11,84.43,9,4,2,"    98,000"
1980,2015,2,16,84.43,3,4,2,"    98,500"
1980,2015,2,26,84.43,11,4,2,"   101,000"
1979,2015,2,28,84.43,9,4,2,"   103,500"
1980,2015,3,5,84.43,4,4,2,"    99,000"
1979,2015,3,9,84.43,7,4,2,"   101,600"
1980,2015,3,11,84.43,4,4,2,"    98,250"
1980,2015,3,15,84.43,5,4,2,"   102,100"
1980,2015,3,17,84.43,14,4,2,"    99,500"
1980,2015,3,19,84.43,10,4,2,"   104,500"
1980,2015,3,20,84.43,14,4,2,"    99,000"
1980,2015,3,23,84.43,11,4,2,"   102,000"
1979,2015,3,23,84.43,11,4,2,"   102,500"
1979,2015,3,26,84.43,2,4,2,"   100,000"
1980,2015,3,27,84.43,11,4,2,"   103,000"
1980,2015,4,1,84.43,7,4,2,"   101,500"
1979,2015,4,1,84.43,12,4,2,"   103,500"
1980,2015,4,3,84.43,14,4,2,"   103,000"
1980,2015,4,4,84.43,14,4,2,"   102,000"
1979,2015,4,6,84.43,9,4,2,"   105,000"
1979,2015,4,7,84.43,11,4,2,"   102,300"
1980,2015,4,9,84.43,2,4,2,"   100,900"
1979,2015,4,9,84.43,4,4,2,"   103,000"
1980,2015,4,16,84.43,7,4,2,"   102,000"
1979,2015,4,25,84.43,2,4,2,"   103,500"
1980,2015,5,2,84.43,14,4,2,"   100,500"
1980,2015,5,4,84.43,12,4,2,"   105,750"
1979,2015,5,7,84.43,9,4,2,"   102,000"
1980,2015,5,8,84.43,11,4,2,"   105,000"
1980,2015,5,8,84.43,11,4,2,"   103,000"
1980,2015,5,16,84.43,11,4,2,"   103,000"
1980,2015,5,18,84.43,3,4,2,"   101,000"
1980,2015,5,23,84.43,5,4,2,"   105,000"
1980,2015,5,24,84.43,5,4,2,"   105,000"
1980,2015,6,3,84.43,11,4,2,"   107,500"
1980,2015,6,5,84.43,7,4,2,"   105,000"
1979,2015,6,5,84.43,5,4,2,"   106,000"
1979,2015,6,10,84.43,4,4,2,"   105,000"
1980,2015,6,12,84.43,14,4,2,"   103,000"
1980,2015,6,12,84.43,1,4,2,"   102,000"
1980,2015,6,20,84.43,1,4,2,"   100,000"
1979,2015,6,25,84.43,11,4,2,"   108,000"
1979,2015,6,27,84.43,13,4,2,"   110,000"
1980,2015,6,27,84.43,14,4,2,"   110,000"
1980,2015,7,3,84.43,6,4,2,"   110,000"
1979,2015,7,11,84.43,9,4,2,"   111,500"
1980,2015,7,11,84.43,11,4,2,"   110,000"
1979,2015,7,13,84.43,7,4,2,"   112,000"
1979,2015,7,18,84.43,8,4,2,"   113,500"
1980,2015,7,18,84.43,12,4,2,"   112,900"
1980,2015,7,19,84.43,2,4,2,"   110,000"
1979,2015,7,20,84.43,14,4,2,"   110,000"
1980,2015,7,21,84.43,13,4,2,"   113,500"
1979,2015,7,22,84.43,7,4,2,"   114,500"
1980,2015,7,23,84.43,9,4,2,"   112,500"
1980,2015,8,15,84.43,11,4,2,"   111,000"
1980,2015,8,17,84.43,12,4,2,"   110,000"
1980,2015,8,17,84.43,8,4,2,"   111,500"
1979,2015,8,20,84.43,14,4,2,"   110,000"
1979,2015,8,24,84.43,3,4,2,"   110,500"
1980,2015,9,8,84.43,8,4,2,"   107,000"
1980,2015,9,10,84.43,7,4,2,"   110,000"
1980,2015,9,21,84.43,14,4,2,"   110,500"
1980,2015,9,23,84.43,11,4,2,"   115,000"
1980,2015,10,6,84.43,4,4,2,"   112,500"
1979,2015,10,9,84.43,11,4,2,"   114,500"
1979,2015,10,10,84.43,6,4,2,"   113,500"
1980,2015,10,12,84.43,7,4,2,"   115,000"
1979,2015,10,13,84.43,12,4,2,"   113,500"
1979,2015,10,14,84.43,14,4,2,"   113,000"
1980,2015,10,15,84.43,5,4,2,"   114,000"
1979,2015,10,15,84.43,8,4,2,"   114,000"
1979,2015,10,15,84.43,13,4,2,"   115,000"
1980,2015,10,16,84.43,4,4,2,"   114,700"
1980,2015,10,22,84.43,3,4,2,"   112,500"
1979,2015,10,27,84.43,8,4,2,"   115,000"
1980,2015,10,28,84.43,13,4,2,"   114,500"
1979,2015,10,31,84.43,6,4,2,"   115,000"
1980,2015,10,31,84.43,5,4,2,"   114,500"
1980,2015,11,11,84.43,10,4,2,"   114,500"
1980,2015,11,12,84.43,8,4,2,"   115,000"
1980,2015,11,14,84.43,4,4,2,"   114,250"
1980,2015,12,3,84.43,9,4,2,"   113,200"
1979,2015,12,13,84.43,5,4,2,"   114,000"
1980,2015,12,28,84.43,6,4,2,"   111,000"
1980,2016,1,9,84.43,10,4,2,"   107,000"
1979,2016,1,14,84.43,4,4,2,"   108,800"
1979,2016,1,16,84.43,4,4,2,"   106,500"
1979,2016,1,29,84.43,14,4,2,"   111,300"
1979,2016,1,30,84.43,9,4,2,"   112,500"
1979,2016,1,30,84.43,11,4,2,"   112,000"
1980,2016,2,12,84.43,2,4,2,"   108,000"
1979,2016,2,20,84.43,9,4,2,"   111,500"
1980,2016,2,26,84.43,13,4,2,"   110,000"
1980,2016,2,27,84.43,11,4,2,"   109,500"
1979,2016,3,3,84.43,10,4,2,"   110,500"
1979,2016,3,9,84.43,10,4,2,"   113,000"
1979,2016,3,15,84.43,5,4,2,"   109,000"
1979,2016,3,24,84.43,5,4,2,"   110,500"
1980,2016,3,24,84.43,8,4,2,"   111,500"
1980,2016,3,25,84.43,6,4,2,"   112,000"
1980,2016,3,26,84.43,9,4,2,"   112,800"
1980,2016,3,26,84.43,13,4,2,"   112,000"
1980,2016,3,26,84.43,7,4,2,"   114,500"
1979,2016,3,30,84.43,9,4,2,"   115,500"
1980,2016,3,30,84.43,13,4,2,"   115,000"
1979,2016,4,5,84.43,2,4,2,"   111,000"
1980,2016,4,6,84.43,11,4,2,"   118,000"
1979,2016,4,7,84.43,13,4,2,"   116,000"
1980,2016,4,8,84.43,14,4,2,"   111,000"
1980,2016,4,11,84.43,7,4,2,"   116,000"
1979,2016,4,12,84.43,9,4,2,"   115,750"
1979,2016,4,15,84.43,1,4,2,"   107,000"
1980,2016,4,16,84.43,8,4,2,"   115,500"
1980,2016,4,22,84.43,8,4,2,"   115,000"
1979,2016,4,25,84.43,4,4,2,"   117,250"
1979,2016,4,25,84.43,1,4,2,"   109,000"
1980,2016,4,25,84.43,11,4,2,"   117,900"
1980,2016,4,28,84.43,5,4,2,"   116,000"
1980,2016,5,2,84.43,4,4,2,"   112,000"
1980,2016,5,10,84.43,14,4,2,"   115,000"
1979,2016,5,12,84.43,14,4,2,"   115,000"
1980,2016,5,14,84.43,7,4,2,"   117,500"
1980,2016,5,14,84.43,2,4,2,"   114,000"
1980,2016,5,16,84.43,14,4,2,"   116,600"
1980,2016,5,16,84.43,6,4,2,"   117,200"
1980,2016,5,16,84.43,2,4,2,"   115,000"
1980,2016,5,18,84.43,13,4,2,"   118,200"
1980,2016,5,19,84.43,13,4,2,"   115,000"
1980,2016,5,20,84.43,14,4,2,"   116,000"
1979,2016,5,21,84.43,10,4,2,"   119,500"
1980,2016,5,22,84.43,1,4,2,"   111,500"
1980,2016,5,25,84.43,5,4,2,"   119,000"
1980,2016,5,27,84.43,8,4,2,"   116,000"
1980,2016,5,28,84.43,13,4,2,"   120,000"
1980,2016,5,30,84.43,2,4,2,"   115,000"
1980,2016,5,30,84.43,9,4,2,"   119,700"
1980,2016,6,4,84.43,4,4,2,"   119,000"
1979,2016,6,7,84.43,1,4,2,"   112,000"
1980,2016,6,9,84.43,4,4,2,"   117,000"
1980,2016,6,10,84.43,5,4,2,"   121,000"
1980,2016,6,20,84.43,8,4,2,"   121,000"
1980,2016,6,21,84.43,2,4,2,"   120,000"
1980,2016,6,23,84.43,13,4,2,"   124,000"
1980,2016,7,6,84.43,14,4,2,"   121,500"
1979,2016,7,18,84.43,10,4,2,"   124,500"
1980,2016,7,23,84.43,3,4,2,"   123,000"
1979,2016,8,8,84.43,7,4,2,"   125,700"
1980,2016,8,12,84.43,12,4,2,"   126,800"
1980,2016,8,16,84.43,14,4,2,"   124,800"
1980,2016,8,17,84.43,6,4,2,"   125,000"
1980,2016,8,17,84.43,7,4,2,"   126,000"
1980,2016,8,20,84.43,13,4,2,"   128,000"
1980,2016,8,20,84.43,13,4,2,"   129,500"
1979,2016,8,22,84.43,6,4,2,"   130,000"
1979,2016,8,22,84.43,10,4,2,"   130,000"
1980,2016,8,23,84.43,14,4,2,"   126,000"
1980,2016,8,27,84.43,7,4,2,"   130,000"
1980,2016,8,27,84.43,6,4,2,"   128,500"
1979,2016,8,29,84.43,10,4,2,"   135,000"
1980,2016,9,3,84.43,11,4,2,"   135,000"
1980,2016,9,4,84.43,4,4,2,"   131,000"
1980,2016,9,7,84.43,7,4,2,"   133,000"
1980,2016,9,9,84.43,14,4,2,"   133,000"
1980,2016,9,13,84.43,12,4,2,"   137,000"
1980,2016,9,22,84.43,13,4,2,"   135,000"
1979,2016,9,23,84.43,14,4,2,"   140,000"
1980,2016,9,26,84.43,12,4,2,"   138,000"
1979,2016,10,4,84.43,13,4,2,"   138,500"
1979,2016,10,5,84.43,1,4,2,"   130,800"
1979,2016,10,6,84.43,12,4,2,"   142,000"
1980,2016,10,17,84.43,13,4,2,"   140,000"
1980,2016,10,21,84.43,9,4,2,"   135,000"
1980,2017,1,7,84.43,5,4,2,"   121,500"
1980,2017,1,14,84.43,13,4,2,"   120,000"
1979,2017,1,14,84.43,8,4,2,"   125,000"
1980,2017,1,16,84.43,6,4,2,"   128,000"
1980,2017,1,17,84.43,10,4,2,"   125,000"
1980,2017,1,17,84.43,12,4,2,"   126,000"
1979,2017,1,17,84.43,5,4,2,"   127,000"
1980,2017,1,19,84.43,7,4,2,"   125,000"
1979,2017,1,22,84.43,10,4,2,"   124,500"
1980,2017,1,25,84.43,1,4,2,"   122,800"
1980,2017,2,7,84.43,8,4,2,"   129,000"
1979,2017,2,9,84.43,1,4,2,"   125,000"
1980,2017,2,11,84.43,6,4,2,"   129,700"
1980,2017,2,13,84.43,14,4,2,"   125,000"
1979,2017,2,14,84.43,3,4,2,"   130,000"
1980,2017,2,17,84.43,2,4,2,"   125,000"
1980,2017,2,18,84.43,3,4,2,"   129,800"
1980,2017,2,22,84.43,9,4,2,"   129,000"
1980,2017,2,25,84.43,13,4,2,"   135,000"
1980,2017,2,28,84.43,1,4,2,"   123,500"
1980,2017,3,4,84.43,4,4,2,"   132,800"
1979,2017,3,6,84.43,2,4,2,"   134,000"
1979,2017,3,8,84.43,11,4,2,"   140,000"
1979,2017,3,9,84.43,9,4,2,"   134,000"
1979,2017,3,18,84.43,9,4,2,"   139,000"
1980,2017,3,21,84.43,11,4,2,"   135,500"
1979,2017,3,25,84.43,12,4,2,"   136,000"
1979,2017,3,29,84.43,9,4,2,"   135,000"
1980,2017,4,7,84.43,9,4,2,"   135,000"
1980,2017,4,8,84.43,8,4,2,"   132,000"
1980,2017,4,10,84.43,4,4,2,"   131,500"
1980,2017,4,11,84.43,10,4,2,"   135,500"
1980,2017,4,14,84.43,10,4,2,"   134,000"
1980,2017,4,16,84.43,11,4,2,"   128,000"
1979,2017,4,21,84.43,13,4,2,"   137,000"
1979,2017,4,25,84.43,12,4,2,"   135,000"
1980,2017,4,25,84.43,11,4,2,"   135,000"
1979,2017,4,26,84.43,13,4,2,"   137,400"
1979,2017,4,26,84.43,5,4,2,"   139,000"
1980,2017,4,28,84.43,10,4,2,"   139,000"
1980,2017,5,8,84.43,9,4,2,"   135,000"
1980,2017,5,12,84.43,1,4,2,"   126,000"
1980,2017,5,13,84.43,11,4,2,"   127,000"
1980,2017,5,15,84.43,14,4,2,"   131,500"
1979,2017,5,16,84.43,13,4,2,"   132,000"
1979,2017,5,22,84.43,7,4,2,"   136,500"
1980,2017,5,26,84.43,7,4,2,"   138,000"
1980,2017,5,26,84.43,1,4,2,"   133,000"
1979,2017,5,27,84.43,12,4,2,"   139,000"
1980,2017,5,27,84.43,9,4,2,"   140,000"
1979,2017,5,29,84.43,13,4,2,"   140,000"
1979,2017,5,29,84.43,10,4,2,"   138,000"
1980,2017,5,29,84.43,7,4,2,"   140,000"
1979,2017,5,31,84.43,10,4,2,"   140,000"
1980,2017,5,31,84.43,5,4,2,"   136,000"
1980,2017,6,1,84.43,8,4,2,"   138,000"
1980,2017,6,2,84.43,1,4,2,"   129,500"
1980,2017,6,2,84.43,7,4,2,"   139,000"
1980,2017,6,3,84.43,8,4,2,"   139,500"
1979,2017,6,3,84.43,1,4,2,"   131,500"
1980,2017,6,3,84.43,1,4,2,"   128,000"
1980,2017,6,5,84.43,7,4,2,"   141,000"
1980,2017,6,5,84.43,8,4,2,"   140,000"
1980,2017,6,5,84.43,5,4,2,"   136,000"
1980,2017,6,5,84.43,11,4,2,"   135,000"
1980,2017,6,5,84.43,12,4,2,"   139,700"
1980,2017,6,7,84.43,1,4,2,"   130,700"
1980,2017,6,10,84.43,7,4,2,"   140,500"
1979,2017,6,10,84.43,10,4,2,"   141,000"
1980,2017,6,16,84.43,13,4,2,"   140,000"
1980,2017,6,17,84.43,4,4,2,"   140,000"
1979,2017,6,19,84.43,14,4,2,"   137,000"
1980,2017,6,21,84.43,5,4,2,"   139,000"
1980,2017,6,24,84.43,12,4,2,"   140,000"
1980,2017,6,29,84.43,10,4,2,"   139,500"
1980,2017,7,3,84.43,4,4,2,"   140,000"
1979,2017,7,7,84.43,9,4,2,"   142,000"
1979,2017,7,8,84.43,12,4,2,"   143,000"
1979,2017,7,9,84.43,14,4,2,"   139,000"
1979,2017,7,10,84.43,4,4,2,"   143,000"
1980,2017,7,10,84.43,1,4,2,"   137,000"
1980,2017,7,10,84.43,9,4,2,"   144,800"
1980,2017,7,11,84.43,1,4,2,"   138,000"
1979,2017,7,13,84.43,4,4,2,"   147,000"
1979,2017,7,14,84.43,11,4,2,"   146,000"
1980,2017,7,14,84.43,1,4,2,"   140,500"
1980,2017,7,15,84.43,9,4,2,"   146,000"
1979,2017,7,18,84.43,1,4,2,"   143,000"
1979,2017,7,20,84.43,8,4,2,"   151,000"
1980,2017,7,21,84.43,3,4,2,"   147,000"
1980,2017,7,22,84.43,1,4,2,"   141,000"
1979,2017,7,26,84.43,12,4,2,"   157,000"
1980,2017,7,28,84.43,14,4,2,"   150,000"
1980,2017,9,2,84.43,5,4,2,"   143,500"
1979,2017,9,9,84.43,7,4,2,"   146,000"
1980,2017,9,15,84.43,2,4,2,"   142,500"
1979,2017,9,15,84.43,8,4,2,"   150,000"
1980,2017,9,16,84.43,10,4,2,"   148,000"
1980,2017,9,19,84.43,5,4,2,"   148,900"
1980,2017,9,21,84.43,13,4,2,"   150,000"
1979,2017,9,22,84.43,7,4,2,"   154,000"
1979,2017,10,13,84.43,8,4,2,"   155,800"
1980,2017,10,14,84.43,8,4,2,"   152,500"
1979,2017,10,19,84.43,9,4,2,"   158,500"
1980,2017,10,23,84.43,10,4,2,"   153,500"
1980,2017,10,25,84.43,13,4,2,"   155,300"
1980,2017,10,28,84.43,7,4,2,"   155,000"
1980,2017,10,30,84.43,9,4,2,"   156,000"
1979,2017,10,30,84.43,5,4,2,"   153,000"
1980,2017,10,30,84.43,13,4,2,"   156,700"
1980,2017,11,1,84.43,11,4,2,"   160,000"
1979,2017,11,3,84.43,11,4,2,"   160,000"
1979,2017,11,4,84.43,7,4,2,"   160,000"
1980,2017,11,4,84.43,4,4,2,"   160,000"
1980,2017,11,9,84.43,8,4,2,"   160,000"
1980,2017,11,10,84.43,13,4,2,"   158,000"
1980,2017,11,14,84.43,2,4,2,"   153,000"
1979,2017,11,17,84.43,12,4,2,"   161,800"
1980,2017,11,24,84.43,5,4,2,"   160,500"
1980,2017,11,25,84.43,2,4,2,"   155,500"
1980,2017,11,26,84.43,12,4,2,"   155,000"
1980,2017,11,27,84.43,7,4,2,"   165,000"
1980,2017,11,29,84.43,6,4,2,"   162,000"
1979,2017,12,7,84.43,9,4,2,"   144,400"
1980,2017,12,8,84.43,13,4,2,"   166,000"
1979,2017,12,11,84.43,8,4,2,"   166,000"
1980,2017,12,12,84.43,3,4,2,"   159,000"
1979,2017,12,14,84.43,2,4,2,"   140,000"
1980,2017,12,18,84.43,11,4,2,"   167,000"
1979,2017,12,19,84.43,2,4,2,"   165,000"
1980,2017,12,19,84.43,5,4,2,"   161,000"
1980,2017,12,30,84.43,10,4,2,"   172,000"
1980,2018,1,8,84.43,5,4,2,"   172,000"
1980,2018,1,10,84.43,14,4,2,"   172,000"
1980,2018,1,10,84.43,5,4,2,"   170,000"
1980,2018,1,10,84.43,12,4,2,"   177,000"
1980,2018,1,15,84.43,2,4,2,"   175,000"
1980,2018,1,19,84.43,10,4,2,"   180,000"
1980,2018,1,19,84.43,3,4,2,"   176,000"
1980,2018,1,21,84.43,13,4,2,"   180,000"
1980,2018,1,22,84.43,4,4,2,"   180,000"
1980,2018,1,22,84.43,5,4,2,"   180,000"
1980,2018,2,9,84.43,12,4,2,"   172,500"
1980,2018,2,10,84.43,2,4,2,"   172,500"
1980,2018,2,20,84.43,14,4,2,"   166,000"
1979,2018,2,21,84.43,6,4,2,"   168,000"
1979,2018,3,1,84.43,4,4,2,"   169,000"
1980,2018,3,12,84.43,1,4,2,"   160,000"
1980,2018,3,12,84.43,12,4,2,"   169,500"
1979,2018,3,21,84.43,4,4,2,"   169,000"
1980,2018,3,27,84.43,10,4,2,"   172,700"
1979,2018,4,25,84.43,7,4,2,"   172,000"
1980,2018,5,2,84.43,8,4,2,"   170,000"
1980,2018,5,9,84.43,8,4,2,"   170,000"
1980,2018,5,12,84.43,8,4,2,"   172,500"
1979,2018,5,29,84.43,6,4,2,"   170,000"
1979,2018,6,4,84.43,11,4,2,"   169,500"
1980,2018,6,19,84.43,4,4,2,"   169,000"
1980,2018,6,26,84.43,9,4,2,"   170,000"
1980,2018,6,26,84.43,9,4,2,"   169,500"
1980,2018,6,30,84.43,10,4,2,"   169,000"
1980,2018,7,2,84.43,10,4,2,"   171,800"
1980,2018,7,7,84.43,13,4,2,"   170,000"
1980,2018,7,10,84.43,12,4,2,"   170,000"
1980,2018,7,10,84.43,14,4,2,"   171,000"
1980,2018,7,12,84.43,13,4,2,"   172,000"
1980,2018,7,13,84.43,10,4,2,"   176,500"
1979,2018,7,17,84.43,2,4,2,"   172,000"
1980,2018,7,18,84.43,1,4,2,"   172,000"
1979,2018,7,18,84.43,6,4,2,"   174,000"
1980,2018,7,21,84.43,4,4,2,"   178,000"
1980,2018,7,25,84.43,7,4,2,"   179,500"
1980,2018,7,26,84.43,12,4,2,"   170,000"
1980,2018,7,28,84.43,12,4,2,"   182,000"
1980,2018,7,30,84.43,8,4,2,"   180,000"
1980,2018,7,30,84.43,8,4,2,"   182,000"
1980,2018,8,1,84.43,1,4,2,"   177,000"
1980,2018,8,17,84.43,6,4,2,"   187,000"
1980,2018,8,17,84.43,11,4,2,"   187,000"
1980,2018,8,18,84.43,9,4,2,"   190,000"
1979,2018,8,19,84.43,6,4,2,"   188,500"
1979,2018,8,20,84.43,11,4,2,"   189,000"
1979,2018,8,20,84.43,2,4,2,"   179,500"
1979,2018,8,22,84.43,4,4,2,"   186,500"
1979,2018,8,23,84.43,1,4,2,"   183,000"
1980,2018,8,25,84.43,11,4,2,"   193,000"
1980,2018,9,3,84.43,5,4,2,"   200,000"
1979,2018,9,4,84.43,7,4,2,"   205,000"
1980,2018,9,4,84.43,6,4,2,"   200,000"
1979,2018,9,6,84.43,1,4,2,"   194,500"
1980,2018,10,16,84.43,11,4,2,"   196,750"
1979,2018,10,16,84.43,4,4,2,"   187,500"
1980,2018,10,18,84.43,2,4,2,"   190,000"
1980,2018,10,24,84.43,8,4,2,"   188,000"
1980,2018,11,14,84.43,4,4,2,"   184,500"
1979,2018,12,19,84.43,2,4,2,"   170,000"
1980,2018,12,27,84.43,9,4,2,"   172,500"
1980,2018,12,28,84.43,7,4,2,"   172,000"
1979,2019,2,19,84.43,8,4,2,"   169,000"
1980,2019,2,23,84.43,5,4,2,"   166,000"
1980,2019,3,6,84.43,12,4,2,"   169,500"
1980,2019,3,7,84.43,7,4,2,"   169,500"
1979,2019,3,8,84.43,12,4,2,"   175,000"
1979,2019,3,8,84.43,7,4,2,"   173,000"
1980,2019,3,11,84.43,13,4,2,"   169,500"
1979,2019,3,15,84.43,8,4,2,"   180,000"
1980,2019,3,20,84.43,8,4,2,"   175,500"
1980,2019,3,22,84.43,3,4,2,"   175,000"
1979,2019,4,5,84.43,1,4,2,"   170,000"
1979,2019,4,9,84.43,12,4,2,"   181,000"
1979,2019,4,15,84.43,1,4,2,"   169,800"
1980,2019,4,18,84.43,3,4,2,"   177,000"
1979,2019,4,19,84.43,8,4,2,"   186,500"
1980,2019,4,19,84.43,3,4,2,"   178,000"
1979,2019,4,24,84.43,4,4,2,"   182,000"
1980,2019,5,3,84.43,10,4,2,"   188,000"
1980,2019,5,6,84.43,10,4,2,"   190,000"
1980,2019,5,16,84.43,12,4,2,"   189,000"
1979,2019,5,18,84.43,4,4,2,"   187,500"
1980,2019,5,20,84.43,4,4,2,"   182,000"
1979,2019,5,21,84.43,13,4,2,"   190,700"
1980,2019,5,23,84.43,12,4,2,"   192,000"
1980,2019,5,29,84.43,7,4,2,"   191,000"
1979,2019,5,30,84.43,8,4,2,"   189,500"
1980,2019,5,30,84.43,9,4,2,"   190,000"
1979,2019,6,1,84.43,4,4,2,"   192,700"
1979,2019,6,1,84.43,4,4,2,"   192,500"
1980,2019,6,4,84.43,1,4,2,"   180,500"
1980,2019,6,4,84.43,14,4,2,"   190,000"
1980,2019,6,5,84.43,11,4,2,"   195,000"
1980,2019,6,15,84.43,2,4,2,"   188,000"
1980,2019,6,20,84.43,10,4,2,"   198,000"
1980,2019,6,24,84.43,7,4,2,"   195,500"
1980,2019,6,25,84.43,11,4,2,"   192,000"
1980,2019,6,26,84.43,5,4,2,"   197,500"
1979,2019,7,2,84.43,8,4,2,"   199,000"
1980,2019,7,4,84.43,7,4,2,"   198,000"
1979,2019,7,9,84.43,5,4,2,"   197,000"
